year,month,week,commodity_id,state_id,district_id,market,current_price_rs_per_quintal,previous_week_price_rs_per_quintal,previous_month_price_rs_per_quintal,previous_year_price_rs_per_quintal,change_previous_week,change_previous_month,change_previous_year
2025,1,1,23,20,361,APMC Chandwad,2200.47,2063.28,3260.12,1845.5,6.7,-32.5,19.2
2025,1,1,23,20,361,APMC Devala,2320.38,2156.74,3462.67,1939.03,7.6,-33,19.7
2025,1,1,23,20,361,APMC Kalvan,2514.52,1829.02,5926.24,1452.59,37.5,-57.6,73.1
2025,1,1,23,20,361,APMC Lasalgaon,2424.74,2250.2,3695.72,1930.09,7.8,-34.4,25.6
2025,1,1,23,20,361,APMC Manmad,2104.99,1896.71,2849.85,1800.3,11,-26.1,16.9
2025,1,1,23,20,361,APMC Nampur,2092.97,1757.51,3187.29,1736.09,19.1,-34.3,20.6
2025,1,1,23,20,361,APMC Nandgaon,1811.29,2033.68,2758.68,1656.73,-10.9,-34.3,9.3
2025,1,1,23,20,361,APMC Nasik,2283,2062.04,3793.8,1791.78,10.7,-39.8,27.4
2025,1,1,23,20,361,APMC Pimpalgaon Baswant,2343.16,2134.82,4390.47,1819.5,9.8,-46.6,28.8
2025,1,1,23,20,361,APMC Satana,,,4770.4,1792.98,,,
2025,1,1,23,20,361,APMC Sinner,2293.4,2330.2,3373.51,1737.3,-1.6,-32,32
2025,1,1,23,20,361,APMC Umrane,1902.17,1924.07,4289.79,1791.38,-1.1,-55.7,6.2
2025,1,1,23,20,361,APMC Yeola,2098.2,1971.05,3101.25,1715.32,6.5,-32.3,22.3
2025,1,1,23,20,361,Dindori(Vani),2492.41,2197.44,3623.4,1904.72,13.4,-31.2,30.9
2025,1,1,23,20,361,Lasalgaon(Niphad),2403.73,2263.36,3618.76,1861.74,6.2,-33.6,29.1
2025,1,1,23,20,361,Lasalgaon(Vinchur),2412.7,2231.45,3676.96,1900.79,8.1,-34.4,26.9
2025,1,1,23,20,361,"Malharshree Khajgi Krushi Utpann Bajar, Chandanpuri Tal Malegaon, Nashik",,2212,4050.47,,,,
2025,1,1,23,20,361,Pimpalgaon Baswant(Saykheda),2173.64,2053.67,3155.32,1720.73,5.8,-31.1,26.3
2025,1,1,23,20,361,Shivsiddha Govind Producer Company Ltd Sanchalit Khajgi Krushi Utpann Bajar Samati-Abhona-Kalwan,2501.31,,6213.99,,,-59.8,
2025,1,1,23,20,361,"Shri Rameshwar Krushi Market, M.Nagar, Tal Deola, Dist Nashik",2004.43,1706.35,3232.51,,17.5,-38,
2025,1,2,23,20,361,APMC Chandwad,1811.09,2200.47,3120.05,1791.65,-17.7,-42,1.1
2025,1,2,23,20,361,APMC Devala,2155.84,2320.38,3695.55,1853.78,-7.1,-41.7,16.3
2025,1,2,23,20,361,APMC Kalvan,2047.68,2514.52,4911.98,1518.58,-18.6,-58.3,34.8
2025,1,2,23,20,361,APMC Lasalgaon,1974.94,2424.74,3416.45,1803.52,-18.6,-42.2,9.5
2025,1,2,23,20,361,APMC Manmad,1651.72,2104.99,2856.71,1727.94,-21.5,-42.2,-4.4
2025,1,2,23,20,361,APMC Nampur,1833.48,2092.97,3280.09,1650.36,-12.4,-44.1,11.1
2025,1,2,23,20,361,APMC Nandgaon,1350,1811.29,2667.79,1631.83,-25.5,-49.4,-17.3
2025,1,2,23,20,361,APMC Nasik,1808.24,2283,3431.9,1714.07,-20.8,-47.3,5.5
2025,1,2,23,20,361,APMC Pimpalgaon Baswant,2011.61,2343.16,3510.75,1758.66,-14.2,-42.7,14.4
2025,1,2,23,20,361,APMC Satana,1892.99,,4725.58,1619.5,,-59.9,16.9
2025,1,2,23,20,361,APMC Sinner,1746.59,2293.4,3240.67,1574.28,-23.8,-46.1,10.9
2025,1,2,23,20,361,APMC Umrane,1821.43,1902.17,3941.79,1714.29,-4.2,-53.8,6.2
2025,1,2,23,20,361,APMC Yeola,1746.1,2098.2,3123.52,1694.37,-16.8,-44.1,3
2025,1,2,23,20,361,Dindori(Vani),2085.68,2492.41,3379.72,1724.46,-16.3,-38.3,20.9
2025,1,2,23,20,361,Lasalgaon(Niphad),1940.89,2403.73,2943.36,1772.96,-19.3,-34.1,9.5
2025,1,2,23,20,361,Lasalgaon(Vinchur),1950.35,2412.7,3419.29,1802.28,-19.2,-43,8.2
2025,1,2,23,20,361,"Malharshree Khajgi Krushi Utpann Bajar, Chandanpuri Tal Malegaon, Nashik",1541,,2639.99,,,-41.6,
2025,1,2,23,20,361,Pimpalgaon Baswant(Saykheda),1663.01,2173.64,2938.98,1635.03,-23.5,-43.4,1.7
2025,1,2,23,20,361,Shivsiddha Govind Producer Company Ltd Sanchalit Khajgi Krushi Utpann Bajar Samati-Abhona-Kalwan,1868.26,2501.31,,,-25.3,,
2025,1,2,23,20,361,"Shri Rameshwar Krushi Market, M.Nagar, Tal Deola, Dist Nashik",1723.7,2004.43,2265.43,,-14,-23.9,
2025,1,3,23,20,361,APMC Chandwad,2109.44,1811.09,1827.54,1360.15,16.5,15.4,55.1
2025,1,3,23,20,361,APMC Devala,2161.88,2155.84,2058.54,1510.1,0.3,5,43.2
2025,1,3,23,20,361,APMC Kalvan,2101.27,2047.68,1919.68,1477.3,2.6,9.5,42.2
2025,1,3,23,20,361,APMC Lasalgaon,2331.48,1974.94,2001.67,1448.93,18.1,16.5,60.9
2025,1,3,23,20,361,APMC Manmad,1820.43,1651.72,1680.72,1337.35,10.2,8.3,36.1
2025,1,3,23,20,361,APMC Nampur,2000.48,1833.48,1752.74,1250.32,9.1,14.1,60
2025,1,3,23,20,361,APMC Nandgaon,1847.47,1350,1522.53,1272.82,36.9,21.3,45.1
2025,1,3,23,20,361,APMC Nasik,2209.77,1808.24,1863.54,1431.68,22.2,18.6,54.4
2025,1,3,23,20,361,APMC Pimpalgaon Baswant,2228.4,2011.61,1990.34,1451.27,10.8,12,53.5
2025,1,3,23,20,361,APMC Satana,2087.9,1892.99,2496.19,1380.05,10.3,-16.4,51.3
2025,1,3,23,20,361,APMC Sinner,2106.03,1746.59,1854.41,1277.63,20.6,13.6,64.8
2025,1,3,23,20,361,APMC Umrane,1839.12,1821.43,2300,1358.47,1,-20,35.4
2025,1,3,23,20,361,APMC Yeola,1953.5,1746.1,1554.98,1313.62,11.9,25.6,48.7
2025,1,3,23,20,361,Dindori(Vani),2294.82,2085.68,2199.82,1644.82,10,4.3,39.5
2025,1,3,23,20,361,Lasalgaon(Niphad),2286.11,1940.89,1966.78,1416.62,17.8,16.2,61.4
2025,1,3,23,20,361,Lasalgaon(Vinchur),2263.28,1950.35,1915.8,1415.76,16,18.1,59.9
2025,1,3,23,20,361,"Malharshree Khajgi Krushi Utpann Bajar, Chandanpuri Tal Malegaon, Nashik",,1541,1589,,,,
2025,1,3,23,20,361,Pimpalgaon Baswant(Saykheda),2050.65,1663.01,1720.96,1280.47,23.3,19.2,60.1
2025,1,3,23,20,361,Shivsiddha Govind Producer Company Ltd Sanchalit Khajgi Krushi Utpann Bajar Samati-Abhona-Kalwan,2504.45,1868.26,,,34,,
2025,1,3,23,20,361,"Shri Rameshwar Krushi Market, M.Nagar, Tal Deola, Dist Nashik",1778.01,1723.7,1560.62,,3.1,13.9,
2025,1,4,23,20,361,APMC Chandwad,2062.12,2109.44,2063.28,1125.35,-2.2,-0.1,83.2
2025,1,4,23,20,361,APMC Devala,2198.33,2161.88,2156.74,1156.77,1.7,1.9,90
2025,1,4,23,20,361,APMC Kalvan,2242.14,2101.27,1829.02,850,6.7,22.6,163.8
2025,1,4,23,20,361,APMC Lasalgaon,2353.78,2331.48,2250.2,1194.7,1,4.6,97
2025,1,4,23,20,361,APMC Manmad,1742.27,1820.43,1896.71,1016.98,-4.3,-8.1,71.3
2025,1,4,23,20,361,APMC Nampur,1876.93,2000.48,1757.51,777.51,-6.2,6.8,141.4
2025,1,4,23,20,361,APMC Nandgaon,1782.19,1847.47,2033.68,1058.08,-3.5,-12.4,68.4
2025,1,4,23,20,361,APMC Nasik,2207.6,2209.77,2062.04,1159.76,-0.1,7.1,90.3
2025,1,4,23,20,361,APMC Pimpalgaon Baswant,2207.79,2228.4,2134.82,1115.41,-0.9,3.4,97.9
2025,1,4,23,20,361,APMC Satana,1990.05,2087.9,,1094.81,-4.7,,81.8
2025,1,4,23,20,361,APMC Sinner,2034.91,2106.03,2330.2,1038.77,-3.4,-12.7,95.9
2025,1,4,23,20,361,APMC Umrane,1835.51,1839.12,1924.07,1096.35,-0.2,-4.6,67.4
2025,1,4,23,20,361,APMC Yeola,1976.98,1953.5,1971.05,1026.55,1.2,0.3,92.6
2025,1,4,23,20,361,Dindori(Vani),2403.84,2294.82,2197.44,1262.68,4.8,9.4,90.4
2025,1,4,23,20,361,Lasalgaon(Niphad),2357.28,2286.11,2263.36,1177.58,3.1,4.2,100.2
2025,1,4,23,20,361,Lasalgaon(Vinchur),2289.94,2263.28,2231.45,1182.38,1.2,2.6,93.7
2025,1,4,23,20,361,"Malharshree Khajgi Krushi Utpann Bajar, Chandanpuri Tal Malegaon, Nashik",,,2212,,,,
2025,1,4,23,20,361,Pimpalgaon Baswant(Saykheda),2044.14,2050.65,2053.67,1012.92,-0.3,-0.5,101.8
2025,1,4,23,20,361,Shivsiddha Govind Producer Company Ltd Sanchalit Khajgi Krushi Utpann Bajar Samati-Abhona-Kalwan,2500.37,2504.45,,,-0.2,,
2025,1,4,23,20,361,"Shri Rameshwar Krushi Market, M.Nagar, Tal Deola, Dist Nashik",1869.36,1778.01,1706.35,,5.1,9.6,
2025,2,1,23,20,361,APMC Chandwad,1947.95,2062.12,2200.47,1179.93,-5.5,-11.5,65.1
2025,2,1,23,20,361,APMC Devala,2209.03,2198.33,2320.38,1139.75,0.5,-4.8,93.8
2025,2,1,23,20,361,APMC Kalvan,2233.95,2242.14,2514.52,887.81,-0.4,-11.2,151.6
2025,2,1,23,20,361,APMC Lasalgaon,2224.62,2353.78,2424.74,1198.41,-5.5,-8.2,85.6
2025,2,1,23,20,361,APMC Manmad,1664.06,1742.27,2104.99,1105.78,-4.5,-20.9,50.5
2025,2,1,23,20,361,APMC Nampur,1993.23,1876.93,2092.97,1109.82,6.2,-4.8,79.6
2025,2,1,23,20,361,APMC Nandgaon,1893.38,1782.19,1811.29,1093.58,6.2,4.5,73.1
2025,2,1,23,20,361,APMC Nasik,2021.83,2207.6,2283,1200.61,-8.4,-11.4,68.4
2025,2,1,23,20,361,APMC Pimpalgaon Baswant,2122.96,2207.79,2343.16,1146.62,-3.8,-9.4,85.2
2025,2,1,23,20,361,APMC Satana,2008.76,1990.05,,1029.97,0.9,,95
2025,2,1,23,20,361,APMC Sinner,2041.29,2034.91,2293.4,1144.68,0.3,-11,78.3
2025,2,1,23,20,361,APMC Umrane,,1835.51,1902.17,1158.25,,,
2025,2,1,23,20,361,APMC Yeola,1924.33,1976.98,2098.2,1127.44,-2.7,-8.3,70.7
2025,2,1,23,20,361,Dindori(Vani),2417.04,2403.84,2492.41,1253.96,0.6,-3,92.8
2025,2,1,23,20,361,Lasalgaon(Niphad),2246.8,2357.28,2403.73,1188.51,-4.7,-6.5,89
2025,2,1,23,20,361,Lasalgaon(Vinchur),2130.5,2289.94,2412.7,1190.09,-7,-11.7,79
2025,2,1,23,20,361,Pimpalgaon Baswant(Saykheda),1948.94,2044.14,2173.64,1101.41,-4.7,-10.3,77
2025,2,1,23,20,361,Shivsiddha Govind Producer Company Ltd Sanchalit Khajgi Krushi Utpann Bajar Samati-Abhona-Kalwan,2339.8,2500.37,2501.31,,-6.4,-6.5,
2025,2,1,23,20,361,"Shri Rameshwar Krushi Market, M.Nagar, Tal Deola, Dist Nashik",,1869.36,2004.43,,,,
2025,2,2,23,20,361,APMC Chandwad,2862.16,1947.95,1811.09,1206.81,46.9,58,137.2
2025,2,2,23,20,361,APMC Devala,2830.47,2209.03,2155.84,1168.4,28.1,31.3,142.2
2025,2,2,23,20,361,APMC Kalvan,2981.7,2233.95,2047.68,901.52,33.5,45.6,230.7
2025,2,2,23,20,361,APMC Lasalgaon,2924.02,2224.62,1974.94,1192.6,31.4,48.1,145.2
2025,2,2,23,20,361,APMC Manmad,2171.49,1664.06,1651.72,1128.61,30.5,31.5,92.4
2025,2,2,23,20,361,APMC Nampur,2610,1993.23,1833.48,994.35,30.9,42.4,162.5
2025,2,2,23,20,361,APMC Nandgaon,2637.29,1893.38,1350,1030.64,39.3,95.3,155.9
2025,2,2,23,20,361,APMC Nasik,2789.48,2021.83,1808.24,1175.45,38,54.3,137.3
2025,2,2,23,20,361,APMC Pimpalgaon Baswant,2831.47,2122.96,2011.61,1114.71,33.4,40.8,154
2025,2,2,23,20,361,APMC Satana,2840.3,2008.76,1892.99,1018.18,41.4,50,179
2025,2,2,23,20,361,APMC Sinner,2826.6,2041.29,1746.59,1103.41,38.5,61.8,156.2
2025,2,2,23,20,361,APMC Umrane,2857.5,,1821.43,1160.5,,56.9,146.2
2025,2,2,23,20,361,APMC Yeola,2704.7,1924.33,1746.1,1136.83,40.5,54.9,137.9
2025,2,2,23,20,361,Dindori(Vani),2751,2417.04,2085.68,1265.3,13.8,31.9,117.4
2025,2,2,23,20,361,Lasalgaon(Niphad),3082.39,2246.8,1940.89,1166.32,37.2,58.8,164.3
2025,2,2,23,20,361,Lasalgaon(Vinchur),2900.22,2130.5,1950.35,1190.73,36.1,48.7,143.6
2025,2,2,23,20,361,"Malharshree Khajgi Krushi Utpann Bajar, Chandanpuri Tal Malegaon, Nashik",,,1541,,,,
2025,2,2,23,20,361,Pimpalgaon Baswant(Saykheda),2832.21,1948.94,1663.01,1088.93,45.3,70.3,160.1
2025,2,2,23,20,361,Shivsiddha Govind Producer Company Ltd Sanchalit Khajgi Krushi Utpann Bajar Samati-Abhona-Kalwan,,2339.8,1868.26,,,,
2025,2,2,23,20,361,"Shri Rameshwar Krushi Market, M.Nagar, Tal Deola, Dist Nashik",2255.53,,1723.7,,,30.9,
2025,2,3,23,20,361,APMC Chandwad,2255.27,2862.16,2109.44,1460.46,-21.2,6.9,54.4
2025,2,3,23,20,361,APMC Devala,2394.7,2830.47,2161.88,1502.52,-15.4,10.8,59.4
2025,2,3,23,20,361,APMC Kalvan,2592.42,2981.7,2101.27,1335.26,-13.1,23.4,94.2
2025,2,3,23,20,361,APMC Lasalgaon,2421.4,2924.02,2331.48,1485.71,-17.2,3.9,63
2025,2,3,23,20,361,APMC Manmad,1702.11,2171.49,1820.43,1366.06,-21.6,-6.5,24.6
2025,2,3,23,20,361,APMC Nampur,2188.69,2610,2000.48,1350.17,-16.1,9.4,62.1
2025,2,3,23,20,361,APMC Nandgaon,2141.54,2637.29,1847.47,1310.82,-18.8,15.9,63.4
2025,2,3,23,20,361,APMC Nasik,2590.87,2789.48,2209.77,1390.84,-7.1,17.2,86.3
2025,2,3,23,20,361,APMC Pimpalgaon Baswant,2327.47,2831.47,2228.4,1436.3,-17.8,4.5,62
2025,2,3,23,20,361,APMC Satana,2297.18,2840.3,2087.9,1284.04,-19.1,10,78.9
2025,2,3,23,20,361,APMC Sinner,2403.02,2826.6,2106.03,1407.32,-15,14.1,70.8
2025,2,3,23,20,361,APMC Umrane,2653.06,2857.5,1839.12,1520,-7.2,44.3,74.5
2025,2,3,23,20,361,APMC Yeola,2129.01,2704.7,1953.5,1368.52,-21.3,9,55.6
2025,2,3,23,20,361,Dindori(Vani),2597.09,2751,2294.82,1407.43,-5.6,13.2,84.5
2025,2,3,23,20,361,Lasalgaon(Niphad),2431.65,3082.39,2286.11,1495.6,-21.1,6.4,62.6
2025,2,3,23,20,361,Lasalgaon(Vinchur),2426.45,2900.22,2263.28,1476.05,-16.3,7.2,64.4
2025,2,3,23,20,361,Pimpalgaon Baswant(Saykheda),2320.27,2832.21,2050.65,1343.06,-18.1,13.2,72.8
2025,2,3,23,20,361,Shivsiddha Govind Producer Company Ltd Sanchalit Khajgi Krushi Utpann Bajar Samati-Abhona-Kalwan,,,2504.45,,,,
2025,2,3,23,20,361,"Shri Rameshwar Krushi Market, M.Nagar, Tal Deola, Dist Nashik",1906.43,2255.53,1778.01,,-15.5,7.2,
2025,2,4,23,20,361,APMC Chandwad,2350,2255.27,2062.12,1675.21,4.2,14,40.3
2025,2,4,23,20,361,APMC Devala,2320.45,2394.7,2198.33,1603.1,-3.1,5.6,44.8
2025,2,4,23,20,361,APMC Kalvan,2303.52,2592.42,2242.14,1300.54,-11.1,2.7,77.1
2025,2,4,23,20,361,APMC Lasalgaon,2375.84,2421.4,2353.78,1684.23,-1.9,0.9,41.1
2025,2,4,23,20,361,APMC Manmad,1707.58,1702.11,1742.27,1580.3,0.3,-2,8.1
2025,2,4,23,20,361,APMC Nampur,2123.51,2188.69,1876.93,1213.18,-3,13.1,75
2025,2,4,23,20,361,APMC Nandgaon,2123.21,2141.54,1782.19,1498.75,-0.9,19.1,41.7
2025,2,4,23,20,361,APMC Nasik,2429.56,2590.87,2207.6,1689.37,-6.2,10.1,43.8
2025,2,4,23,20,361,APMC Pimpalgaon Baswant,2253.82,2327.47,2207.79,1669.81,-3.2,2.1,35
2025,2,4,23,20,361,APMC Satana,2305.99,2297.18,1990.05,1557.88,0.4,15.9,48
2025,2,4,23,20,361,APMC Sinner,2209.48,2403.02,2034.91,1627.66,-8.1,8.6,35.8
2025,2,4,23,20,361,APMC Umrane,2200,2653.06,1835.51,1517.09,-17.1,19.9,45
2025,2,4,23,20,361,APMC Yeola,2168.22,2129.01,1976.98,1636.07,1.8,9.7,32.5
2025,2,4,23,20,361,Dindori(Vani),2290.35,2597.09,2403.84,1766.8,-11.8,-4.7,29.6
2025,2,4,23,20,361,Lasalgaon(Niphad),2364.34,2431.65,2357.28,1748.87,-2.8,0.3,35.2
2025,2,4,23,20,361,Lasalgaon(Vinchur),2350.78,2426.45,2289.94,1747.37,-3.1,2.7,34.5
2025,2,4,23,20,361,Pimpalgaon Baswant(Saykheda),2161.95,2320.27,2044.14,1598.93,-6.8,5.8,35.2
2025,2,4,23,20,361,Shivsiddha Govind Producer Company Ltd Sanchalit Khajgi Krushi Utpann Bajar Samati-Abhona-Kalwan,,,2500.37,,,,
2025,2,4,23,20,361,"Shri Rameshwar Krushi Market, M.Nagar, Tal Deola, Dist Nashik",2336.88,1906.43,1869.36,,22.6,25,
2025,3,1,23,20,361,APMC Chandwad,1987.59,2350,1947.95,1710.48,-15.4,2,16.2
2025,3,1,23,20,361,APMC Devala,2069.02,2320.45,2209.03,1596.93,-10.8,-6.3,29.6
2025,3,1,23,20,361,APMC Kalvan,2149.15,2303.52,2233.95,1344.22,-6.7,-3.8,59.9
2025,3,1,23,20,361,APMC Lasalgaon,2242.29,2375.84,2224.62,1687.52,-5.6,0.8,32.9
2025,3,1,23,20,361,APMC Manmad,1992.13,1707.58,1664.06,1708.27,16.7,19.7,16.6
2025,3,1,23,20,361,APMC Nampur,1856.68,2123.51,1993.23,1300.43,-12.6,-6.8,42.8
2025,3,1,23,20,361,APMC Nandgaon,1875.79,2123.21,1893.38,1624.28,-11.7,-0.9,15.5
2025,3,1,23,20,361,APMC Nasik,2373.34,2429.56,2021.83,1705.92,-2.3,17.4,39.1
2025,3,1,23,20,361,APMC Pimpalgaon Baswant,2065.7,2253.82,2122.96,1685.44,-8.3,-2.7,22.6
2025,3,1,23,20,361,APMC Satana,2133.04,2305.99,2008.76,1551.82,-7.5,6.2,37.5
2025,3,1,23,20,361,APMC Sinner,2026.98,2209.48,2041.29,1616.98,-8.3,-0.7,25.4
2025,3,1,23,20,361,APMC Umrane,1853.83,2200,,1612.82,-15.7,,14.9
2025,3,1,23,20,361,APMC Yeola,1958.93,2168.22,1924.33,1716.41,-9.7,1.8,14.1
2025,3,1,23,20,361,Dindori(Vani),2212.63,2290.35,2417.04,1759.02,-3.4,-8.5,25.8
2025,3,1,23,20,361,Lasalgaon(Niphad),2238.08,2364.34,2246.8,1726.67,-5.3,-0.4,29.6
2025,3,1,23,20,361,Lasalgaon(Vinchur),2264.09,2350.78,2130.5,1756.34,-3.7,6.3,28.9
2025,3,1,23,20,361,Pimpalgaon Baswant(Saykheda),1985.95,2161.95,1948.94,1640.88,-8.1,1.9,21
2025,3,1,23,20,361,Shivsiddha Govind Producer Company Ltd Sanchalit Khajgi Krushi Utpann Bajar Samati-Abhona-Kalwan,,,2339.8,,,,
2025,3,1,23,20,361,"Shri Rameshwar Krushi Market, M.Nagar, Tal Deola, Dist Nashik",1823.41,2336.88,,,-22,,
2025,3,2,23,20,361,APMC Chandwad,1466.66,1987.59,2862.16,1568.46,-26.2,-48.8,-6.5
2025,3,2,23,20,361,APMC Devala,1474.53,2069.02,2830.47,1527.99,-28.7,-47.9,-3.5
2025,3,2,23,20,361,APMC Kalvan,1399.37,2149.15,2981.7,1260.23,-34.9,-53.1,11
2025,3,2,23,20,361,APMC Lasalgaon,1627.33,2242.29,2924.02,1679.61,-27.4,-44.4,-3.1
2025,3,2,23,20,361,APMC Manmad,1367.26,1992.13,2171.49,1543.57,-31.4,-37,-11.4
2025,3,2,23,20,361,APMC Nampur,1158.07,1856.68,2610,1398.33,-37.6,-55.6,-17.2
2025,3,2,23,20,361,APMC Nandgaon,1293.79,1875.79,2637.29,1550,-31,-50.9,-16.5
2025,3,2,23,20,361,APMC Nasik,1658.67,2373.34,2789.48,1700,-30.1,-40.5,-2.4
2025,3,2,23,20,361,APMC Pimpalgaon Baswant,1534.5,2065.7,2831.47,1644.89,-25.7,-45.8,-6.7
2025,3,2,23,20,361,APMC Satana,1328.26,2133.04,2840.3,1440.45,-37.7,-53.2,-7.8
2025,3,2,23,20,361,APMC Sinner,1350,2026.98,2826.6,1440.35,-33.4,-52.2,-6.3
2025,3,2,23,20,361,APMC Umrane,,1853.83,2857.5,1589.39,,,
2025,3,2,23,20,361,APMC Yeola,1352.82,1958.93,2704.7,1581.08,-30.9,-50,-14.4
2025,3,2,23,20,361,Dindori(Vani),1551.17,2212.63,2751,1584.72,-29.9,-43.6,-2.1
2025,3,2,23,20,361,Lasalgaon(Niphad),1595.28,2238.08,3082.39,1655.92,-28.7,-48.2,-3.7
2025,3,2,23,20,361,Lasalgaon(Vinchur),1590.94,2264.09,2900.22,1659.97,-29.7,-45.1,-4.2
2025,3,2,23,20,361,Pimpalgaon Baswant(Saykheda),1415.89,1985.95,2832.21,1525.42,-28.7,-50,-7.2
2025,3,2,23,20,361,"Shri Rameshwar Krushi Market, M.Nagar, Tal Deola, Dist Nashik",,1823.41,2255.53,,,,
2025,3,3,23,20,361,APMC Chandwad,1344.3,1466.66,2255.27,1293.82,-8.3,-40.4,3.9
2025,3,3,23,20,361,APMC Devala,1347.34,1474.53,2394.7,1280.93,-8.6,-43.7,5.2
2025,3,3,23,20,361,APMC Kalvan,1382.09,1399.37,2592.42,1030.29,-1.2,-46.7,34.1
2025,3,3,23,20,361,APMC Lasalgaon,1407.45,1627.33,2421.4,1392.37,-13.5,-41.9,1.1
2025,3,3,23,20,361,APMC Manmad,1321.87,1367.26,1702.11,1212.99,-3.3,-22.3,9
2025,3,3,23,20,361,APMC Nampur,1254.74,1158.07,2188.69,1131.43,8.3,-42.7,10.9
2025,3,3,23,20,361,APMC Nandgaon,1304.71,1293.79,2141.54,1262.74,0.8,-39.1,3.3
2025,3,3,23,20,361,APMC Nasik,1347.85,1658.67,2590.87,1241.93,-18.7,-48,8.5
2025,3,3,23,20,361,APMC Pimpalgaon Baswant,1386.77,1534.5,2327.47,1301.2,-9.6,-40.4,6.6
2025,3,3,23,20,361,APMC Satana,1315.98,1328.26,2297.18,1152.58,-0.9,-42.7,14.2
2025,3,3,23,20,361,APMC Sinner,1374.88,1350,2403.02,1132.11,1.8,-42.8,21.4
2025,3,3,23,20,361,APMC Umrane,1178.95,,2653.06,1254.55,,-55.6,-6
2025,3,3,23,20,361,APMC Yeola,1245.3,1352.82,2129.01,1261.26,-8,-41.5,-1.3
2025,3,3,23,20,361,Dindori(Vani),1450.27,1551.17,2597.09,1375.75,-6.5,-44.2,5.4
2025,3,3,23,20,361,Lasalgaon(Niphad),1483.46,1595.28,2431.65,1307.36,-7,-39,13.5
2025,3,3,23,20,361,Lasalgaon(Vinchur),1396.1,1590.94,2426.45,1332.41,-12.2,-42.5,4.8
2025,3,3,23,20,361,Pimpalgaon Baswant(Saykheda),1367.36,1415.89,2320.27,1249.04,-3.4,-41.1,9.5
2025,3,3,23,20,361,Shivsiddha Govind Producer Company Ltd Sanchalit Khajgi Krushi Utpann Bajar Samati-Abhona-Kalwan,1568.01,,,1400,,,12
2025,3,3,23,20,361,"Shri Rameshwar Krushi Market, M.Nagar, Tal Deola, Dist Nashik",,,1906.43,,,,
2025,3,4,23,20,361,APMC Chandwad,1437.53,1344.3,2350,1400.11,6.9,-38.8,2.7
2025,3,4,23,20,361,APMC Devala,1366,1347.34,2320.45,1460.01,1.4,-41.1,-6.4
2025,3,4,23,20,361,APMC Kalvan,1309.75,1382.09,2303.52,1176.57,-5.2,-43.1,11.3
2025,3,4,23,20,361,APMC Lasalgaon,1443.38,1407.45,2375.84,1542.43,2.5,-39.2,-6.4
2025,3,4,23,20,361,APMC Manmad,1301.91,1321.87,1707.58,1349.65,-1.5,-23.8,-3.5
2025,3,4,23,20,361,APMC Nampur,1347.13,1254.74,2123.51,1300,7.4,-36.6,3.6
2025,3,4,23,20,361,APMC Nandgaon,1321.77,1304.71,2123.21,,1.3,-37.8,
2025,3,4,23,20,361,APMC Nasik,1451.75,1347.85,2429.56,1432.11,7.7,-40.2,1.4
2025,3,4,23,20,361,APMC Pimpalgaon Baswant,1410.29,1386.77,2253.82,1504.63,1.7,-37.4,-6.3
2025,3,4,23,20,361,APMC Satana,1372.72,1315.98,2305.99,1310,4.3,-40.5,4.8
2025,3,4,23,20,361,APMC Sinner,1456.15,1374.88,2209.48,1432.7,5.9,-34.1,1.6
2025,3,4,23,20,361,APMC Umrane,1200,1178.95,2200,1332.16,1.8,-45.5,-9.9
2025,3,4,23,20,361,APMC Yeola,1350,1245.3,2168.22,1426,8.4,-37.7,-5.3
2025,3,4,23,20,361,Dindori(Vani),,1450.27,2290.35,1300,,,
2025,3,4,23,20,361,Lasalgaon(Niphad),1455.81,1483.46,2364.34,1481.64,-1.9,-38.4,-1.7
2025,3,4,23,20,361,Lasalgaon(Vinchur),1429.58,1396.1,2350.78,1514.89,2.4,-39.2,-5.6
2025,3,4,23,20,361,"Malharshree Khajgi Krushi Utpann Bajar, Chandanpuri Tal Malegaon, Nashik",1461,,,,,,
2025,3,4,23,20,361,Pimpalgaon Baswant(Saykheda),1441.5,1367.36,2161.95,1403.37,5.4,-33.3,2.7
2025,3,4,23,20,361,Shivsiddha Govind Producer Company Ltd Sanchalit Khajgi Krushi Utpann Bajar Samati-Abhona-Kalwan,1490.38,1568.01,,,-5,,
2025,3,4,23,20,361,"Shri Rameshwar Krushi Market, M.Nagar, Tal Deola, Dist Nashik",1361.99,,2336.88,,,-41.7,
2025,4,1,23,20,361,APMC Chandwad,1236.88,1437.53,1987.59,,-14,-37.8,
2025,4,1,23,20,361,APMC Devala,1278.66,1366,2069.02,,-6.4,-38.2,
2025,4,1,23,20,361,APMC Dindori,1283.99,,,,,,
2025,4,1,23,20,361,APMC Kalvan,1269.7,1309.75,2149.15,,-3.1,-40.9,
2025,4,1,23,20,361,APMC Lasalgaon,1193,1443.38,2242.29,,-17.4,-46.8,
2025,4,1,23,20,361,APMC Manmad,1088.29,1301.91,1992.13,,-16.4,-45.4,
2025,4,1,23,20,361,APMC Nampur,1012.13,1347.13,1856.68,,-24.9,-45.5,
2025,4,1,23,20,361,APMC Nandgaon,1010.18,1321.77,1875.79,,-23.6,-46.1,
2025,4,1,23,20,361,APMC Nasik,1219.82,1451.75,2373.34,1357.96,-16,-48.6,-10.2
2025,4,1,23,20,361,APMC Pimpalgaon Baswant,1212.61,1410.29,2065.7,,-14,-41.3,
2025,4,1,23,20,361,APMC Satana,1225.18,1372.72,2133.04,,-10.8,-42.6,
2025,4,1,23,20,361,APMC Sinner,1254.57,1456.15,2026.98,,-13.8,-38.1,
2025,4,1,23,20,361,APMC Umrane,1100,1200,1853.83,,-8.3,-40.7,
2025,4,1,23,20,361,APMC Yeola,1195.7,1350,1958.93,,-11.4,-39,
2025,4,1,23,20,361,Dindori(Vani),1406.84,,2212.63,,,-36.4,
2025,4,1,23,20,361,Lasalgaon(Niphad),1251.48,1455.81,2238.08,,-14,-44.1,
2025,4,1,23,20,361,Lasalgaon(Vinchur),1198.4,1429.58,2264.09,1380.9,-16.2,-47.1,-13.2
2025,4,1,23,20,361,"Malharshree Khajgi Krushi Utpann Bajar, Chandanpuri Tal Malegaon, Nashik",1090.35,1461,,,-25.4,,
2025,4,1,23,20,361,"Mankameshwr Fpc Sanchalit Mankameshwar Khajagi Krushi Utpanna Bajar Ltd, Nifad Nashik",1245.65,,,,,,
2025,4,1,23,20,361,Pimpalgaon Baswant(Saykheda),1257.55,1441.5,1985.95,,-12.8,-36.7,
2025,4,1,23,20,361,Shivsiddha Govind Producer Company Ltd Sanchalit Khajgi Krushi Utpann Bajar Samati-Abhona-Kalwan,1336.88,1490.38,,,-10.3,,
2025,4,1,23,20,361,"Shri Rameshwar Krushi Market, M.Nagar, Tal Deola, Dist Nashik",1103.22,1361.99,1823.41,1268.82,-19,-39.5,-13.1
2025,4,2,23,20,361,APMC Chandwad,1012.96,1236.88,1466.66,,-18.1,-30.9,
2025,4,2,23,20,361,APMC Devala,1181.15,1278.66,1474.53,,-7.6,-19.9,
2025,4,2,23,20,361,APMC Dindori,1234.56,1283.99,,,-3.9,,
2025,4,2,23,20,361,APMC Kalvan,1115.92,1269.7,1399.37,,-12.1,-20.3,
2025,4,2,23,20,361,APMC Lasalgaon,1100.61,1193,1627.33,1400,-7.7,-32.4,-21.4
2025,4,2,23,20,361,APMC Manmad,957.91,1088.29,1367.26,,-12,-29.9,
2025,4,2,23,20,361,APMC Nampur,1100,1012.13,1158.07,,8.7,-5,
2025,4,2,23,20,361,APMC Nandgaon,800,1010.18,1293.79,,-20.8,-38.2,
2025,4,2,23,20,361,APMC Nasik,1148.71,1219.82,1658.67,1272.76,-5.8,-30.8,-9.8
2025,4,2,23,20,361,APMC Pimpalgaon Baswant,1080.73,1212.61,1534.5,,-10.9,-29.6,
2025,4,2,23,20,361,APMC Satana,1131.01,1225.18,1328.26,,-7.7,-14.8,
2025,4,2,23,20,361,APMC Sinner,1146.09,1254.57,1350,,-8.7,-15.1,
2025,4,2,23,20,361,APMC Umrane,1000,1100,,,-9.1,,
2025,4,2,23,20,361,APMC Yeola,1085.71,1195.7,1352.82,,-9.2,-19.7,
2025,4,2,23,20,361,Dindori(Vani),1284.38,1406.84,1551.17,,-8.7,-17.2,
2025,4,2,23,20,361,Lasalgaon(Niphad),1041.48,1251.48,1595.28,1351,-16.8,-34.7,-22.9
2025,4,2,23,20,361,Lasalgaon(Vinchur),1149.74,1198.4,1590.94,1371.41,-4.1,-27.7,-16.2
2025,4,2,23,20,361,"Malharshree Khajgi Krushi Utpann Bajar, Chandanpuri Tal Malegaon, Nashik",,1090.35,,,,,
2025,4,2,23,20,361,"Mankameshwr Fpc Sanchalit Mankameshwar Khajagi Krushi Utpanna Bajar Ltd, Nifad Nashik",1103.42,1245.65,,,-11.4,,
2025,4,2,23,20,361,Pimpalgaon Baswant(Saykheda),1043.78,1257.55,1415.89,,-17,-26.3,
2025,4,2,23,20,361,Shivsiddha Govind Producer Company Ltd Sanchalit Khajgi Krushi Utpann Bajar Samati-Abhona-Kalwan,1215.65,1336.88,,1400,-9.1,,-13.2
2025,4,2,23,20,361,"Shri Rameshwar Krushi Market, M.Nagar, Tal Deola, Dist Nashik",896.14,1103.22,,1291.3,-18.8,,-30.6
2025,4,3,23,20,361,APMC Chandwad,1067.52,1012.96,1344.3,1365.93,5.4,-20.6,-21.9
2025,4,3,23,20,361,APMC Devala,1187.29,1181.15,1347.34,1400,0.5,-11.9,-15.2
2025,4,3,23,20,361,APMC Dindori,1132.27,1234.56,,,-8.3,,
2025,4,3,23,20,361,APMC Kalvan,1075.69,1115.92,1382.09,,-3.6,-22.2,
2025,4,3,23,20,361,APMC Lasalgaon,1254.77,1100.61,1407.45,1330.08,14,-10.8,-5.7
2025,4,3,23,20,361,APMC Manmad,1009.69,957.91,1321.87,,5.4,-23.6,
2025,4,3,23,20,361,APMC Nampur,1145.69,1100,1254.74,1300,4.2,-8.7,-11.9
2025,4,3,23,20,361,APMC Nandgaon,934.3,800,1304.71,,16.8,-28.4,
2025,4,3,23,20,361,APMC Nasik,985.54,1148.71,1347.85,1277.87,-14.2,-26.9,-22.9
2025,4,3,23,20,361,APMC Pimpalgaon Baswant,1193.31,1080.73,1386.77,1351,10.4,-13.9,-11.7
2025,4,3,23,20,361,APMC Satana,1139.05,1131.01,1315.98,1400,0.7,-13.4,-18.6
2025,4,3,23,20,361,APMC Sinner,1081.87,1146.09,1374.88,1269.2,-5.6,-21.3,-14.8
2025,4,3,23,20,361,APMC Umrane,1108.86,1000,1178.95,,10.9,-6,
2025,4,3,23,20,361,APMC Yeola,1013.1,1085.71,1245.3,1305.56,-6.7,-18.6,-22.4
2025,4,3,23,20,361,Dindori(Vani),1177.28,1284.38,1450.27,,-8.3,-18.8,
2025,4,3,23,20,361,Lasalgaon(Niphad),1225.97,1041.48,1483.46,1325,17.7,-17.4,-7.5
2025,4,3,23,20,361,Lasalgaon(Vinchur),1230.81,1149.74,1396.1,1359.27,7,-11.8,-9.4
2025,4,3,23,20,361,"Mankameshwr Fpc Sanchalit Mankameshwar Khajagi Krushi Utpanna Bajar Ltd, Nifad Nashik",1132.26,1103.42,,1228.96,2.6,,-7.9
2025,4,3,23,20,361,Pimpalgaon Baswant(Saykheda),1033.82,1043.78,1367.36,1250,-0.9,-24.4,-17.3
2025,4,3,23,20,361,Shivsiddha Govind Producer Company Ltd Sanchalit Khajgi Krushi Utpann Bajar Samati-Abhona-Kalwan,1197.77,1215.65,1568.01,1500,-1.5,-23.6,-20.1
2025,4,3,23,20,361,"Shri Rameshwar Krushi Market, M.Nagar, Tal Deola, Dist Nashik",,896.14,,1250.15,,,
2025,4,4,23,20,361,APMC Chandwad,930.68,1067.52,1437.53,1254.43,-12.8,-35.3,-25.8
2025,4,4,23,20,361,APMC Devala,1213.45,1187.29,1366,1350,2.2,-11.2,-10.1
2025,4,4,23,20,361,APMC Dindori,1154.9,1132.27,,,2,,
2025,4,4,23,20,361,APMC Kalvan,1121.33,1075.69,1309.75,1300,4.2,-14.4,-13.7
2025,4,4,23,20,361,APMC Lasalgaon,1220.48,1254.77,1443.38,1324.89,-2.7,-15.4,-7.9
2025,4,4,23,20,361,APMC Manmad,1146.95,1009.69,1301.91,,13.6,-11.9,
2025,4,4,23,20,361,APMC Nampur,1057.72,1145.69,1347.13,1300,-7.7,-21.5,-18.6
2025,4,4,23,20,361,APMC Nandgaon,798.07,934.3,1321.77,1250,-14.6,-39.6,-36.1
2025,4,4,23,20,361,APMC Nasik,924.56,985.54,1451.75,1302.23,-6.2,-36.3,-29
2025,4,4,23,20,361,APMC Pimpalgaon Baswant,1238.01,1193.31,1410.29,1450.41,3.8,-12.2,-14.6
2025,4,4,23,20,361,APMC Satana,1070,1139.05,1372.72,1375,-6.1,-22.1,-22.2
2025,4,4,23,20,361,APMC Sinner,998.17,1081.87,1456.15,1283.27,-7.7,-31.4,-22.2
2025,4,4,23,20,361,APMC Umrane,1123.39,1108.86,1200,,1.3,-6.4,
2025,4,4,23,20,361,APMC Yeola,855.06,1013.1,1350,1224.08,-15.6,-36.7,-30.1
2025,4,4,23,20,361,Dindori(Vani),1228.09,1177.28,,,4.3,,
2025,4,4,23,20,361,Lasalgaon(Niphad),1192.22,1225.97,1455.81,1397.32,-2.8,-18.1,-14.7
2025,4,4,23,20,361,Lasalgaon(Vinchur),1187.88,1230.81,1429.58,1380.93,-3.5,-16.9,-14
2025,4,4,23,20,361,"Malharshree Khajgi Krushi Utpann Bajar, Chandanpuri Tal Malegaon, Nashik",,,1461,,,,
2025,4,4,23,20,361,"Mankameshwr Fpc Sanchalit Mankameshwar Khajagi Krushi Utpanna Bajar Ltd, Nifad Nashik",1187.93,1132.26,,1065.87,4.9,,11.4
2025,4,4,23,20,361,Pimpalgaon Baswant(Saykheda),991.65,1033.82,1441.5,1264.42,-4.1,-31.2,-21.6
2025,4,4,23,20,361,Shivsiddha Govind Producer Company Ltd Sanchalit Khajgi Krushi Utpann Bajar Samati-Abhona-Kalwan,1231.08,1197.77,1490.38,,2.8,-17.4,
2025,4,4,23,20,361,"Shri Rameshwar Krushi Market, M.Nagar, Tal Deola, Dist Nashik",937.59,,1361.99,1126.33,,-31.2,-16.8
2025,5,1,23,20,361,APMC Chandwad,961.34,930.68,1236.88,1707.7,3.3,-22.3,-43.7
2025,5,1,23,20,361,APMC Devala,1183.61,1213.45,1278.66,1677.02,-2.5,-7.4,-29.4
2025,5,1,23,20,361,APMC Dindori,1186.55,1154.9,1283.99,,2.7,-7.6,
2025,5,1,23,20,361,APMC Kalvan,1056.72,1121.33,1269.7,1400,-5.8,-16.8,-24.5
2025,5,1,23,20,361,APMC Lasalgaon,1128.77,1220.48,1193,1656.67,-7.5,-5.4,-31.9
2025,5,1,23,20,361,APMC Manmad,1138.13,1146.95,1088.29,1491.86,-0.8,4.6,-23.7
2025,5,1,23,20,361,APMC Nampur,940.84,1057.72,1012.13,1679.63,-11.1,-7,-44
2025,5,1,23,20,361,APMC Nandgaon,869.63,798.07,1010.18,1343.52,9,-13.9,-35.3
2025,5,1,23,20,361,APMC Nasik,779.23,924.56,1219.82,1419.06,-15.7,-36.1,-45.1
2025,5,1,23,20,361,APMC Pimpalgaon Baswant,1141.32,1238.01,1212.61,1669.27,-7.8,-5.9,-31.6
2025,5,1,23,20,361,APMC Satana,1094.15,1070,1225.18,1636.41,2.3,-10.7,-33.1
2025,5,1,23,20,361,APMC Sinner,1006,998.17,1254.57,1460.77,0.8,-19.8,-31.1
2025,5,1,23,20,361,APMC Umrane,1163.48,1123.39,1100,1538.57,3.6,5.8,-24.4
2025,5,1,23,20,361,APMC Yeola,926.41,855.06,1195.7,1618.67,8.3,-22.5,-42.8
2025,5,1,23,20,361,Dindori(Vani),1161.18,1228.09,1406.84,,-5.5,-17.5,
2025,5,1,23,20,361,Lasalgaon(Niphad),1120.46,1192.22,1251.48,1706.46,-6,-10.5,-34.3
2025,5,1,23,20,361,Lasalgaon(Vinchur),1102.85,1187.88,1198.4,1796.55,-7.2,-8,-38.6
2025,5,1,23,20,361,"Malharshree Khajgi Krushi Utpann Bajar, Chandanpuri Tal Malegaon, Nashik",,,1090.35,,,,
2025,5,1,23,20,361,"Mankameshwr Fpc Sanchalit Mankameshwar Khajagi Krushi Utpanna Bajar Ltd, Nifad Nashik",1066.46,1187.93,1245.65,1889.92,-10.2,-14.4,-43.6
2025,5,1,23,20,361,Pimpalgaon Baswant(Saykheda),977.54,991.65,1257.55,1547.02,-1.4,-22.3,-36.8
2025,5,1,23,20,361,Shivsiddha Govind Producer Company Ltd Sanchalit Khajgi Krushi Utpann Bajar Samati-Abhona-Kalwan,1180.91,1231.08,1336.88,1970.72,-4.1,-11.7,-40.1
2025,5,1,23,20,361,"Shri Rameshwar Krushi Market, M.Nagar, Tal Deola, Dist Nashik",,937.59,1103.22,1269.7,,,
2025,5,2,23,20,361,APMC Chandwad,992.79,961.34,1012.96,1486.01,3.3,-2,-33.2
2025,5,2,23,20,361,APMC Devala,1150,1183.61,1181.15,1559.48,-2.8,-2.6,-26.3
2025,5,2,23,20,361,APMC Dindori,1215.95,1186.55,1234.56,,2.5,-1.5,
2025,5,2,23,20,361,APMC Kalvan,1035.01,1056.72,1115.92,,-2,-7.2,
2025,5,2,23,20,361,APMC Lasalgaon,1131.51,1128.77,1100.61,1598.2,0.2,2.8,-29.2
2025,5,2,23,20,361,APMC Manmad,1070.32,1138.13,957.91,1524.76,-6,11.7,-29.8
2025,5,2,23,20,361,APMC Nampur,1000,940.84,1100,1795.89,6.3,-9.1,-44.3
2025,5,2,23,20,361,APMC Nandgaon,750,869.63,800,1450,-13.8,-6.2,-48.3
2025,5,2,23,20,361,APMC Nasik,818.17,779.23,1148.71,1246.95,5,-28.8,-34.4
2025,5,2,23,20,361,APMC Pimpalgaon Baswant,1116.75,1141.32,1080.73,1535.47,-2.1,3.3,-27.3
2025,5,2,23,20,361,APMC Satana,1073.99,1094.15,1131.01,1535,-1.8,-5,-30
2025,5,2,23,20,361,APMC Sinner,1000,1006,1146.09,1433.37,-0.6,-12.8,-30.2
2025,5,2,23,20,361,APMC Umrane,1177.68,1163.48,1000,,1.2,17.8,
2025,5,2,23,20,361,APMC Yeola,839.11,926.41,1085.71,1519.66,-9.4,-22.7,-44.8
2025,5,2,23,20,361,Dindori(Vani),1351,1161.18,1284.38,,16.4,5.2,
2025,5,2,23,20,361,Lasalgaon(Niphad),1102.18,1120.46,1041.48,1660.66,-1.6,5.8,-33.6
2025,5,2,23,20,361,Lasalgaon(Vinchur),1110.64,1102.85,1149.74,1704.17,0.7,-3.4,-34.8
2025,5,2,23,20,361,"Malharshree Khajgi Krushi Utpann Bajar, Chandanpuri Tal Malegaon, Nashik",845,,,,,,
2025,5,2,23,20,361,"Mankameshwr Fpc Sanchalit Mankameshwar Khajagi Krushi Utpanna Bajar Ltd, Nifad Nashik",1034.54,1066.46,1103.42,1801.12,-3,-6.2,-42.6
2025,5,2,23,20,361,Pimpalgaon Baswant(Saykheda),962.86,977.54,1043.78,1502.12,-1.5,-7.8,-35.9
2025,5,2,23,20,361,Shivsiddha Govind Producer Company Ltd Sanchalit Khajgi Krushi Utpann Bajar Samati-Abhona-Kalwan,1236.05,1180.91,1215.65,1798.14,4.7,1.7,-31.3
2025,5,2,23,20,361,"Shri Rameshwar Krushi Market, M.Nagar, Tal Deola, Dist Nashik",,,896.14,1323.88,,,
2025,5,3,23,20,361,APMC Chandwad,855.46,992.79,1067.52,1515.24,-13.8,-19.9,-43.5
2025,5,3,23,20,361,APMC Devala,1108.43,1150,1187.29,1515.33,-3.6,-6.6,-26.9
2025,5,3,23,20,361,APMC Dindori,1160.51,1215.95,1132.27,,-4.6,2.5,
2025,5,3,23,20,361,APMC Kalvan,1034.07,1035.01,1075.69,,-0.1,-3.9,
2025,5,3,23,20,361,APMC Lasalgaon,1161.41,1131.51,1254.77,1444.09,2.6,-7.4,-19.6
2025,5,3,23,20,361,APMC Manmad,1057.06,1070.32,1009.69,1498.52,-1.2,4.7,-29.5
2025,5,3,23,20,361,APMC Nampur,1073.73,1000,1145.69,1664.58,7.4,-6.3,-35.5
2025,5,3,23,20,361,APMC Nandgaon,819.23,750,934.3,1450,9.2,-12.3,-43.5
2025,5,3,23,20,361,APMC Nasik,767.86,818.17,985.54,1312.2,-6.2,-22.1,-41.5
2025,5,3,23,20,361,APMC Pimpalgaon Baswant,1152.21,1116.75,1193.31,1630.25,3.2,-3.4,-29.3
2025,5,3,23,20,361,APMC Satana,930.76,1073.99,1139.05,1616.44,-13.3,-18.3,-42.4
2025,5,3,23,20,361,APMC Sinner,958.05,1000,1081.87,1531.96,-4.2,-11.4,-37.5
2025,5,3,23,20,361,APMC Umrane,1215.14,1177.68,1108.86,,3.2,9.6,
2025,5,3,23,20,361,APMC Yeola,794.12,839.11,1013.1,1512.51,-5.4,-21.6,-47.5
2025,5,3,23,20,361,Dindori(Vani),1207.27,1351,1177.28,,-10.6,2.5,
2025,5,3,23,20,361,Lasalgaon(Niphad),1113.7,1102.18,1225.97,1665.15,1.1,-9.2,-33.1
2025,5,3,23,20,361,Lasalgaon(Vinchur),1156.59,1110.64,1230.81,1637.7,4.1,-6,-29.4
2025,5,3,23,20,361,"Malharshree Khajgi Krushi Utpann Bajar, Chandanpuri Tal Malegaon, Nashik",791.39,845,,,-6.3,,
2025,5,3,23,20,361,"Mankameshwr Fpc Sanchalit Mankameshwar Khajagi Krushi Utpanna Bajar Ltd, Nifad Nashik",783.77,1034.54,1132.26,1653.04,-24.2,-30.8,-52.6
2025,5,3,23,20,361,Pimpalgaon Baswant(Saykheda),934.23,962.86,1033.82,1493.3,-3,-9.6,-37.4
2025,5,3,23,20,361,Shivsiddha Govind Producer Company Ltd Sanchalit Khajgi Krushi Utpann Bajar Samati-Abhona-Kalwan,1167,1236.05,1197.77,,-5.6,-2.6,
2025,5,3,23,20,361,"Shri Rameshwar Krushi Market, M.Nagar, Tal Deola, Dist Nashik",757.78,,,1355.21,,,-44.1
2025,5,4,23,20,361,APMC Chandwad,1150.92,855.46,930.68,1791.67,34.5,23.7,-35.8
2025,5,4,23,20,361,APMC Devala,1432.03,1108.43,1213.45,1791.33,29.2,18,-20.1
2025,5,4,23,20,361,APMC Dindori,1400.65,1160.51,1154.9,,20.7,21.3,
2025,5,4,23,20,361,APMC Kalvan,1126.12,1034.07,1121.33,,8.9,0.4,
2025,5,4,23,20,361,APMC Lasalgaon,1342.32,1161.41,1220.48,1458.77,15.6,10,-8
2025,5,4,23,20,361,APMC Manmad,1225.38,1057.06,1146.95,1786.96,15.9,6.8,-31.4
2025,5,4,23,20,361,APMC Nampur,1110.62,1073.73,1057.72,1774.03,3.4,5,-37.4
2025,5,4,23,20,361,APMC Nandgaon,1167.19,819.23,798.07,1661.58,42.5,46.2,-29.8
2025,5,4,23,20,361,APMC Nasik,976.21,767.86,924.56,1625.57,27.1,5.6,-40
2025,5,4,23,20,361,APMC Pimpalgaon Baswant,1460.75,1152.21,1238.01,1950.33,26.8,18,-25.1
2025,5,4,23,20,361,APMC Satana,1203.91,930.76,1070,1864.04,29.4,12.5,-35.4
2025,5,4,23,20,361,APMC Sinner,1214.26,958.05,998.17,1821.35,26.7,21.6,-33.3
2025,5,4,23,20,361,APMC Umrane,1261.48,1215.14,1123.39,,3.8,12.3,
2025,5,4,23,20,361,APMC Yeola,1034.03,794.12,855.06,1623.75,30.2,20.9,-36.3
2025,5,4,23,20,361,Dindori(Vani),1366.05,1207.27,1228.09,,13.2,11.2,
2025,5,4,23,20,361,Lasalgaon(Niphad),1295.73,1113.7,1192.22,1841.65,16.3,8.7,-29.6
2025,5,4,23,20,361,Lasalgaon(Vinchur),1310.68,1156.59,1187.88,1843.75,13.3,10.3,-28.9
2025,5,4,23,20,361,"Malharshree Khajgi Krushi Utpann Bajar, Chandanpuri Tal Malegaon, Nashik",712,791.39,,1104,-10,,-35.5
2025,5,4,23,20,361,"Mankameshwr Fpc Sanchalit Mankameshwar Khajagi Krushi Utpanna Bajar Ltd, Nifad Nashik",1138.59,783.77,1187.93,1792.01,45.3,-4.2,-36.5
2025,5,4,23,20,361,Pimpalgaon Baswant(Saykheda),1127.12,934.23,991.65,1748.88,20.6,13.7,-35.5
2025,5,4,23,20,361,Shivsiddha Govind Producer Company Ltd Sanchalit Khajgi Krushi Utpann Bajar Samati-Abhona-Kalwan,1329.02,1167,1231.08,2100,13.9,8,-36.7
2025,5,4,23,20,361,"Shri Rameshwar Krushi Market, M.Nagar, Tal Deola, Dist Nashik",913.47,757.78,937.59,1715.57,20.6,-2.6,-46.8
2025,6,1,23,20,361,APMC Chandwad,1324.02,1150.92,961.34,2078.83,15,37.7,-36.3
2025,6,1,23,20,361,APMC Devala,1406.74,1432.03,1183.61,2148.79,-1.8,18.9,-34.5
2025,6,1,23,20,361,APMC Dindori,1539.81,1400.65,1186.55,,9.9,29.8,
2025,6,1,23,20,361,APMC Kalvan,1131.94,1126.12,1056.72,,0.5,7.1,
2025,6,1,23,20,361,APMC Lasalgaon,1417.73,1342.32,1128.77,2221.28,5.6,25.6,-36.2
2025,6,1,23,20,361,APMC Manmad,1300,1225.38,1138.13,1899.32,6.1,14.2,-31.6
2025,6,1,23,20,361,APMC Nampur,1291.2,1110.62,940.84,2038.35,16.3,37.2,-36.6
2025,6,1,23,20,361,APMC Nandgaon,1185.58,1167.19,869.63,2022.94,1.6,36.3,-41.4
2025,6,1,23,20,361,APMC Nasik,979.67,976.21,779.23,1872.49,0.3,25.7,-47.7
2025,6,1,23,20,361,APMC Pimpalgaon Baswant,1516.07,1460.75,1141.32,2229.73,3.8,32.8,-32
2025,6,1,23,20,361,APMC Satana,1207.49,1203.91,1094.15,2075.31,0.3,10.4,-41.8
2025,6,1,23,20,361,APMC Sinner,1106.58,1214.26,1006,2292.5,-8.9,10,-51.7
2025,6,1,23,20,361,APMC Umrane,1380.65,1261.48,1163.48,,9.4,18.7,
2025,6,1,23,20,361,APMC Yeola,1048.63,1034.03,926.41,2084.49,1.4,13.2,-49.7
2025,6,1,23,20,361,Dindori(Vani),1539.56,1366.05,1161.18,,12.7,32.6,
2025,6,1,23,20,361,Lasalgaon(Niphad),1376.95,1295.73,1120.46,2304.77,6.3,22.9,-40.3
2025,6,1,23,20,361,Lasalgaon(Vinchur),1382.56,1310.68,1102.85,2271.95,5.5,25.4,-39.1
2025,6,1,23,20,361,"Malharshree Khajgi Krushi Utpann Bajar, Chandanpuri Tal Malegaon, Nashik",,712,,1358,,,
2025,6,1,23,20,361,"Mankameshwr Fpc Sanchalit Mankameshwar Khajagi Krushi Utpanna Bajar Ltd, Nifad Nashik",1145.54,1138.59,1066.46,2106.15,0.6,7.4,-45.6
2025,6,1,23,20,361,Pimpalgaon Baswant(Saykheda),1199.48,1127.12,977.54,2135.06,6.4,22.7,-43.8
2025,6,1,23,20,361,Shivsiddha Govind Producer Company Ltd Sanchalit Khajgi Krushi Utpann Bajar Samati-Abhona-Kalwan,1434.8,1329.02,1180.91,2307.88,8,21.5,-37.8
2025,6,1,23,20,361,"Shri Rameshwar Krushi Market, M.Nagar, Tal Deola, Dist Nashik",890.6,913.47,,2021.02,-2.5,,-55.9
2025,6,2,23,20,361,APMC Chandwad,1487.12,1324.02,992.79,2373.33,12.3,49.8,-37.3
2025,6,2,23,20,361,APMC Devala,1594.89,1406.74,1150,,13.4,38.7,
2025,6,2,23,20,361,APMC Dindori,1773.61,1539.81,1215.95,,15.2,45.9,
2025,6,2,23,20,361,APMC Kalvan,1489.52,1131.94,1035.01,2300.67,31.6,43.9,-35.3
2025,6,2,23,20,361,APMC Lasalgaon,1603.69,1417.73,1131.51,2503.72,13.1,41.7,-36
2025,6,2,23,20,361,APMC Manmad,1454.28,1300,1070.32,2232.73,11.9,35.9,-34.9
2025,6,2,23,20,361,APMC Nampur,1502.06,1291.2,1000,2364.32,16.3,50.2,-36.5
2025,6,2,23,20,361,APMC Nandgaon,1383.97,1185.58,750,2398.59,16.7,84.5,-42.3
2025,6,2,23,20,361,APMC Nasik,1205.43,979.67,818.17,2326.5,23,47.3,-48.2
2025,6,2,23,20,361,APMC Pimpalgaon Baswant,1610.44,1516.07,1116.75,2554.79,6.2,44.2,-37
2025,6,2,23,20,361,APMC Satana,1509.19,1207.49,1073.99,2379.79,25,40.5,-36.6
2025,6,2,23,20,361,APMC Sinner,1494.26,1106.58,1000,2491.43,35,49.4,-40
2025,6,2,23,20,361,APMC Umrane,1413.57,1380.65,1177.68,,2.4,20,
2025,6,2,23,20,361,APMC Yeola,1248.18,1048.63,839.11,2336.72,19,48.8,-46.6
2025,6,2,23,20,361,Dindori(Vani),1767.53,1539.56,1351,,14.8,30.8,
2025,6,2,23,20,361,Lasalgaon(Niphad),1643.83,1376.95,1102.18,2505.28,19.4,49.1,-34.4
2025,6,2,23,20,361,Lasalgaon(Vinchur),1575.64,1382.56,1110.64,2497.84,14,41.9,-36.9
2025,6,2,23,20,361,"Malharshree Khajgi Krushi Utpann Bajar, Chandanpuri Tal Malegaon, Nashik",1054,,845,,,24.7,
2025,6,2,23,20,361,"Mankameshwr Fpc Sanchalit Mankameshwar Khajagi Krushi Utpanna Bajar Ltd, Nifad Nashik",1358.5,1145.54,1034.54,2418.86,18.6,31.3,-43.8
2025,6,2,23,20,361,Pimpalgaon Baswant(Saykheda),1346.77,1199.48,962.86,2353.56,12.3,39.9,-42.8
2025,6,2,23,20,361,Shivsiddha Govind Producer Company Ltd Sanchalit Khajgi Krushi Utpann Bajar Samati-Abhona-Kalwan,1409.21,1434.8,1236.05,2634.67,-1.8,14,-46.5
2025,6,2,23,20,361,"Shri Rameshwar Krushi Market, M.Nagar, Tal Deola, Dist Nashik",1229.53,890.6,,2095.38,38.1,,-41.3
2025,6,3,23,20,361,APMC Chandwad,1438.74,1487.12,855.46,2771.46,-3.2,68.2,-48.1
2025,6,3,23,20,361,APMC Devala,1524.4,1594.89,1108.43,2932.2,-4.4,37.5,-48
2025,6,3,23,20,361,APMC Dindori,1665.02,1773.61,1160.51,,-6.1,43.5,
2025,6,3,23,20,361,APMC Kalvan,1385.85,1489.52,1034.07,,-7,34,
2025,6,3,23,20,361,APMC Lasalgaon,1584.88,1603.69,1161.41,3005.41,-1.2,36.5,-47.3
2025,6,3,23,20,361,APMC Manmad,1439.6,1454.28,1057.06,2779.7,-1,36.2,-48.2
2025,6,3,23,20,361,APMC Nampur,1500,1502.06,1073.73,3000,-0.1,39.7,-50
2025,6,3,23,20,361,APMC Nandgaon,1337.2,1383.97,819.23,,-3.4,63.2,
2025,6,3,23,20,361,APMC Nasik,1235.54,1205.43,767.86,2653.11,2.5,60.9,-53.4
2025,6,3,23,20,361,APMC Pimpalgaon Baswant,1588.66,1610.44,1152.21,3011.5,-1.4,37.9,-47.2
2025,6,3,23,20,361,APMC Satana,1497.45,1509.19,930.76,2895.6,-0.8,60.9,-48.3
2025,6,3,23,20,361,APMC Sinner,1442.52,1494.26,958.05,2783.51,-3.5,50.6,-48.2
2025,6,3,23,20,361,APMC Umrane,1419,1413.57,1215.14,,0.4,16.8,
2025,6,3,23,20,361,APMC Yeola,1323.81,1248.18,794.12,2709.72,6.1,66.7,-51.1
2025,6,3,23,20,361,Dindori(Vani),1690.3,1767.53,1207.27,,-4.4,40,
2025,6,3,23,20,361,Lasalgaon(Niphad),1566.08,1643.83,1113.7,2994.79,-4.7,40.6,-47.7
2025,6,3,23,20,361,Lasalgaon(Vinchur),1564.07,1575.64,1156.59,2992.6,-0.7,35.2,-47.7
2025,6,3,23,20,361,"Malharshree Khajgi Krushi Utpann Bajar, Chandanpuri Tal Malegaon, Nashik",897.3,1054,791.39,2366.66,-14.9,13.4,-62.1
2025,6,3,23,20,361,"Mankameshwr Fpc Sanchalit Mankameshwar Khajagi Krushi Utpanna Bajar Ltd, Nifad Nashik",1201,1358.5,783.77,3197,-11.6,53.2,-62.4
2025,6,3,23,20,361,Pimpalgaon Baswant(Saykheda),1352.85,1346.77,934.23,2797.91,0.5,44.8,-51.6
2025,6,3,23,20,361,Shivsiddha Govind Producer Company Ltd Sanchalit Khajgi Krushi Utpann Bajar Samati-Abhona-Kalwan,1702.92,1409.21,1167,3045.51,20.8,45.9,-44.1
2025,6,3,23,20,361,"Shri Rameshwar Krushi Market, M.Nagar, Tal Deola, Dist Nashik",1226.07,1229.53,757.78,2848.91,-0.3,61.8,-57
2025,6,4,23,20,361,APMC Chandwad,1486.2,1438.74,1150.92,2793.64,3.3,29.1,-46.8
2025,6,4,23,20,361,APMC Devala,1523.19,1524.4,1432.03,2963.64,-0.1,6.4,-48.6
2025,6,4,23,20,361,APMC Dindori,1553.91,1665.02,1400.65,2845.57,-6.7,10.9,-45.4
2025,6,4,23,20,361,APMC Kalvan,1400.91,1385.85,1126.12,2555.84,1.1,24.4,-45.2
2025,6,4,23,20,361,APMC Lasalgaon,1563.83,1584.88,1342.32,2985.83,-1.3,16.5,-47.6
2025,6,4,23,20,361,APMC Manmad,1411.41,1439.6,1225.38,2769.16,-2,15.2,-49
2025,6,4,23,20,361,APMC Nampur,1386.7,1500,1110.62,2838.01,-7.5,24.9,-51.1
2025,6,4,23,20,361,APMC Nandgaon,1321.69,1337.2,1167.19,,-1.2,13.2,
2025,6,4,23,20,361,APMC Nasik,1130.68,1235.54,976.21,2673.55,-8.5,15.8,-57.7
2025,6,4,23,20,361,APMC Pimpalgaon Baswant,1554.13,1588.66,1460.75,3054.79,-2.2,6.4,-49.1
2025,6,4,23,20,361,APMC Satana,1377.53,1497.45,1203.91,2888.85,-8,14.4,-52.3
2025,6,4,23,20,361,APMC Sinner,1447.24,1442.52,1214.26,2782.87,0.3,19.2,-48
2025,6,4,23,20,361,APMC Umrane,,1419,1261.48,,,,
2025,6,4,23,20,361,APMC Yeola,1237.1,1323.81,1034.03,2650.89,-6.5,19.6,-53.3
2025,6,4,23,20,361,Dindori(Vani),1553.09,1690.3,1366.05,2918.06,-8.1,13.7,-46.8
2025,6,4,23,20,361,Lasalgaon(Niphad),1535.14,1566.08,1295.73,2971.41,-2,18.5,-48.3
2025,6,4,23,20,361,Lasalgaon(Vinchur),1550.9,1564.07,1310.68,2983.89,-0.8,18.3,-48
2025,6,4,23,20,361,"Malharshree Khajgi Krushi Utpann Bajar, Chandanpuri Tal Malegaon, Nashik",1058,897.3,712,2701.13,17.9,48.6,-60.8
2025,6,4,23,20,361,"Mankameshwr Fpc Sanchalit Mankameshwar Khajagi Krushi Utpanna Bajar Ltd, Nifad Nashik",,1201,1138.59,2879.47,,,
2025,6,4,23,20,361,Pimpalgaon Baswant(Saykheda),1454.6,1352.85,1127.12,2832.36,7.5,29.1,-48.6
2025,6,4,23,20,361,Shivsiddha Govind Producer Company Ltd Sanchalit Khajgi Krushi Utpann Bajar Samati-Abhona-Kalwan,1574.64,1702.92,1329.02,3033.64,-7.5,18.5,-48.1
2025,6,4,23,20,361,"Shri Rameshwar Krushi Market, M.Nagar, Tal Deola, Dist Nashik",1206.14,1226.07,913.47,2762.44,-1.6,32,-56.3
2025,7,1,23,20,361,APMC Chandwad,1437.25,1486.2,1324.02,2948.05,-3.3,8.6,-51.2
2025,7,1,23,20,361,APMC Devala,1455.36,1523.19,1406.74,3004.01,-4.5,3.5,-51.5
2025,7,1,23,20,361,APMC Dindori,1464.21,1553.91,1539.81,2915.46,-5.8,-4.9,-49.8
2025,7,1,23,20,361,APMC Kalvan,1376.98,1400.91,1131.94,2713.71,-1.7,21.6,-49.3
2025,7,1,23,20,361,APMC Lasalgaon,1508.59,1563.83,1417.73,2985.07,-3.5,6.4,-49.5
2025,7,1,23,20,361,APMC Manmad,1463.64,1411.41,1300,2840.73,3.7,12.6,-48.5
2025,7,1,23,20,361,APMC Nampur,1129.73,1386.7,1291.2,2807.33,-18.5,-12.5,-59.8
2025,7,1,23,20,361,APMC Nandgaon,1350,1321.69,1185.58,2780.11,2.1,13.9,-51.4
2025,7,1,23,20,361,APMC Nasik,965.97,1130.68,979.67,2648.5,-14.6,-1.4,-63.5
2025,7,1,23,20,361,APMC Pimpalgaon Baswant,1461.06,1554.13,1516.07,2931.54,-6,-3.6,-50.2
2025,7,1,23,20,361,APMC Satana,1376.32,1377.53,1207.49,2895.27,-0.1,14,-52.5
2025,7,1,23,20,361,APMC Sinner,1352.46,1447.24,1106.58,2842.54,-6.5,22.2,-52.4
2025,7,1,23,20,361,APMC Umrane,1324.53,,1380.65,2900,,-4.1,-54.3
2025,7,1,23,20,361,APMC Yeola,1189.82,1237.1,1048.63,2727.11,-3.8,13.5,-56.4
2025,7,1,23,20,361,Dindori(Vani),1475.07,1553.09,1539.56,2993.38,-5,-4.2,-50.7
2025,7,1,23,20,361,Lasalgaon(Niphad),1477.84,1535.14,1376.95,2976.05,-3.7,7.3,-50.3
2025,7,1,23,20,361,Lasalgaon(Vinchur),1505.86,1550.9,1382.56,2972,-2.9,8.9,-49.3
2025,7,1,23,20,361,"Malharshree Khajgi Krushi Utpann Bajar, Chandanpuri Tal Malegaon, Nashik",971.62,1058,,2560.86,-8.2,,-62.1
2025,7,1,23,20,361,"Mankameshwr Fpc Sanchalit Mankameshwar Khajagi Krushi Utpanna Bajar Ltd, Nifad Nashik",,,1145.54,2843.5,,,
2025,7,1,23,20,361,Pimpalgaon Baswant(Saykheda),1325.74,1454.6,1199.48,2828.41,-8.9,10.5,-53.1
2025,7,1,23,20,361,Shivsiddha Govind Producer Company Ltd Sanchalit Khajgi Krushi Utpann Bajar Samati-Abhona-Kalwan,1528.7,1574.64,1434.8,3042.4,-2.9,6.5,-49.8
2025,7,1,23,20,361,"Shri Rameshwar Krushi Market, M.Nagar, Tal Deola, Dist Nashik",1165.45,1206.14,890.6,2874.21,-3.4,30.9,-59.5
2025,7,2,23,20,361,APMC Chandwad,1395.41,1437.25,1487.12,2763.53,-2.9,-6.2,-49.5
2025,7,2,23,20,361,APMC Devala,1431.03,1455.36,1594.89,2943.47,-1.7,-10.3,-51.4
2025,7,2,23,20,361,APMC Dindori,1335.58,1464.21,1773.61,2987.2,-8.8,-24.7,-55.3
2025,7,2,23,20,361,APMC Kalvan,1298.26,1376.98,1489.52,2633.36,-5.7,-12.8,-50.7
2025,7,2,23,20,361,APMC Lasalgaon,1484.16,1508.59,1603.69,2852.38,-1.6,-7.5,-48
2025,7,2,23,20,361,APMC Manmad,1333.67,1463.64,1454.28,2684.68,-8.9,-8.3,-50.3
2025,7,2,23,20,361,APMC Nampur,1239.29,1129.73,1502.06,2752.68,9.7,-17.5,-55
2025,7,2,23,20,361,APMC Nandgaon,1284.81,1350,1383.97,2719.57,-4.8,-7.2,-52.8
2025,7,2,23,20,361,APMC Nasik,1204.52,965.97,1205.43,2632.22,24.7,-0.1,-54.2
2025,7,2,23,20,361,APMC Pimpalgaon Baswant,1379.62,1461.06,1610.44,2837.03,-5.6,-14.3,-51.4
2025,7,2,23,20,361,APMC Satana,1341.32,1376.32,1509.19,2815.21,-2.5,-11.1,-52.4
2025,7,2,23,20,361,APMC Sinner,1313.43,1352.46,1494.26,2763.53,-2.9,-12.1,-52.5
2025,7,2,23,20,361,APMC Umrane,1375,1324.53,1413.57,2850,3.8,-2.7,-51.8
2025,7,2,23,20,361,APMC Yeola,1131.42,1189.82,1248.18,2660.57,-4.9,-9.3,-57.5
2025,7,2,23,20,361,Dindori(Vani),1437.45,1475.07,1767.53,2864.44,-2.5,-18.7,-49.8
2025,7,2,23,20,361,Lasalgaon(Niphad),1396.83,1477.84,1643.83,2892.96,-5.5,-15,-51.7
2025,7,2,23,20,361,Lasalgaon(Vinchur),1468.26,1505.86,1575.64,2867.14,-2.5,-6.8,-48.8
2025,7,2,23,20,361,"Malharshree Khajgi Krushi Utpann Bajar, Chandanpuri Tal Malegaon, Nashik",988.3,971.62,1054,2568.07,1.7,-6.2,-61.5
2025,7,2,23,20,361,"Mankameshwr Fpc Sanchalit Mankameshwar Khajagi Krushi Utpanna Bajar Ltd, Nifad Nashik",,,1358.5,,,,
2025,7,2,23,20,361,Pimpalgaon Baswant(Saykheda),1246.57,1325.74,1346.77,2820.84,-6,-7.4,-55.8
2025,7,2,23,20,361,Shivsiddha Govind Producer Company Ltd Sanchalit Khajgi Krushi Utpann Bajar Samati-Abhona-Kalwan,1521.06,1528.7,1409.21,2899.83,-0.5,7.9,-47.5
2025,7,2,23,20,361,"Shri Rameshwar Krushi Market, M.Nagar, Tal Deola, Dist Nashik",1141.02,1165.45,1229.53,2764.81,-2.1,-7.2,-58.7
2025,7,3,23,20,361,APMC Chandwad,1375.24,1395.41,1438.74,2691.13,-1.4,-4.4,-48.9
2025,7,3,23,20,361,APMC Devala,1327.32,1431.03,1524.4,2825.77,-7.2,-12.9,-53
2025,7,3,23,20,361,APMC Dindori,1400.05,1335.58,1665.02,2804.26,4.8,-15.9,-50.1
2025,7,3,23,20,361,APMC Kalvan,1161.2,1298.26,1385.85,2639.78,-10.6,-16.2,-56
2025,7,3,23,20,361,APMC Lasalgaon,1421.85,1484.16,1584.88,2738.92,-4.2,-10.3,-48.1
2025,7,3,23,20,361,APMC Manmad,1285.92,1333.67,1439.6,2642.95,-3.6,-10.7,-51.4
2025,7,3,23,20,361,APMC Nampur,1240.63,1239.29,1500,2729.79,0.1,-17.3,-54.5
2025,7,3,23,20,361,APMC Nandgaon,1182.29,1284.81,1337.2,,-8,-11.6,
2025,7,3,23,20,361,APMC Nasik,927.27,1204.52,1235.54,2682.32,-23,-24.9,-65.4
2025,7,3,23,20,361,APMC Pimpalgaon Baswant,1397.3,1379.62,1588.66,2746.2,1.3,-12.1,-49.1
2025,7,3,23,20,361,APMC Satana,1271.84,1341.32,1497.45,2764.52,-5.2,-15.1,-54
2025,7,3,23,20,361,APMC Sinner,1254.73,1313.43,1442.52,2694.16,-4.5,-13,-53.4
2025,7,3,23,20,361,APMC Umrane,1307.16,1375,1419,,-4.9,-7.9,
2025,7,3,23,20,361,APMC Yeola,1129.84,1131.42,1323.81,2615,-0.1,-14.7,-56.8
2025,7,3,23,20,361,Dindori(Vani),1404.68,1437.45,1690.3,2835.61,-2.3,-16.9,-50.5
2025,7,3,23,20,361,Lasalgaon(Niphad),1362.4,1396.83,1566.08,2791.72,-2.5,-13,-51.2
2025,7,3,23,20,361,Lasalgaon(Vinchur),1412.13,1468.26,1564.07,2780.72,-3.8,-9.7,-49.2
2025,7,3,23,20,361,"Malharshree Khajgi Krushi Utpann Bajar, Chandanpuri Tal Malegaon, Nashik",911,988.3,897.3,2335.28,-7.8,1.5,-61
2025,7,3,23,20,361,"Mankameshwr Fpc Sanchalit Mankameshwar Khajagi Krushi Utpanna Bajar Ltd, Nifad Nashik",,,1201,2885.04,,,
2025,7,3,23,20,361,Pimpalgaon Baswant(Saykheda),1228.36,1246.57,1352.85,2713.99,-1.5,-9.2,-54.7
2025,7,3,23,20,361,Shivsiddha Govind Producer Company Ltd Sanchalit Khajgi Krushi Utpann Bajar Samati-Abhona-Kalwan,1435.93,1521.06,1702.92,2831.31,-5.6,-15.7,-49.3
2025,7,3,23,20,361,"Shri Rameshwar Krushi Market, M.Nagar, Tal Deola, Dist Nashik",1131.17,1141.02,1226.07,2737.91,-0.9,-7.7,-58.7
2025,7,4,23,20,361,APMC Chandwad,1265.15,1375.24,1486.2,2683.34,-8,-14.9,-52.9
2025,7,4,23,20,361,APMC Devala,1205.26,1327.32,1523.19,2710.81,-9.2,-20.9,-55.5
2025,7,4,23,20,361,APMC Dindori,1322.18,1400.05,1553.91,2653.74,-5.6,-14.9,-50.2
2025,7,4,23,20,361,APMC Kalvan,1100.31,1161.2,1400.91,2622.25,-5.2,-21.5,-58
2025,7,4,23,20,361,APMC Lasalgaon,1319.42,1421.85,1563.83,2695.04,-7.2,-15.6,-51
2025,7,4,23,20,361,APMC Manmad,1219.2,1285.92,1411.41,2609.34,-5.2,-13.6,-53.3
2025,7,4,23,20,361,APMC Nampur,1237.59,1240.63,1386.7,2671.38,-0.2,-10.8,-53.7
2025,7,4,23,20,361,APMC Nandgaon,1150,1182.29,1321.69,2550,-2.7,-13,-54.9
2025,7,4,23,20,361,APMC Nasik,837.62,927.27,1130.68,2473.36,-9.7,-25.9,-66.1
2025,7,4,23,20,361,APMC Pimpalgaon Baswant,1340.35,1397.3,1554.13,2719.22,-4.1,-13.8,-50.7
2025,7,4,23,20,361,APMC Satana,1194.94,1271.84,1377.53,2730,-6,-13.2,-56.2
2025,7,4,23,20,361,APMC Sinner,1263.02,1254.73,1447.24,2669.64,0.7,-12.7,-52.7
2025,7,4,23,20,361,APMC Umrane,1303.96,1307.16,,2650,-0.2,,-50.8
2025,7,4,23,20,361,APMC Yeola,1067.43,1129.84,1237.1,2566,-5.5,-13.7,-58.4
2025,7,4,23,20,361,Dindori(Vani),1324.95,1404.68,1553.09,2781.74,-5.7,-14.7,-52.4
2025,7,4,23,20,361,Lasalgaon(Niphad),1324.73,1362.4,1535.14,2727.46,-2.8,-13.7,-51.4
2025,7,4,23,20,361,Lasalgaon(Vinchur),1313.17,1412.13,1550.9,2688.63,-7,-15.3,-51.2
2025,7,4,23,20,361,"Malharshree Khajgi Krushi Utpann Bajar, Chandanpuri Tal Malegaon, Nashik",886.24,911,1058,2454.55,-2.7,-16.2,-63.9
2025,7,4,23,20,361,"Mankameshwr Fpc Sanchalit Mankameshwar Khajagi Krushi Utpanna Bajar Ltd, Nifad Nashik",,,,2649.66,,,
2025,7,4,23,20,361,Pimpalgaon Baswant(Saykheda),1167.33,1228.36,1454.6,2685.82,-5,-19.8,-56.5
2025,7,4,23,20,361,Shivsiddha Govind Producer Company Ltd Sanchalit Khajgi Krushi Utpann Bajar Samati-Abhona-Kalwan,1424.89,1435.93,1574.64,2810.51,-0.8,-9.5,-49.3
2025,7,4,23,20,361,"Shri Rameshwar Krushi Market, M.Nagar, Tal Deola, Dist Nashik",1037.84,1131.17,1206.14,2669.54,-8.2,-13.9,-61.1
2025,8,1,23,20,361,APMC Chandwad,1298.98,1265.15,1437.25,2825.67,2.7,-9.6,-54
2025,8,1,23,20,361,APMC Devala,1224.71,1205.26,1455.36,2872.4,1.6,-15.8,-57.4
2025,8,1,23,20,361,APMC Dindori,1370.41,1322.18,1464.21,2755.97,3.6,-6.4,-50.3
2025,8,1,23,20,361,APMC Kalvan,1146.56,1100.31,1376.98,2754.8,4.2,-16.7,-58.4
2025,8,1,23,20,361,APMC Lasalgaon,1305.83,1319.42,1508.59,2844.11,-1,-13.4,-54.1
2025,8,1,23,20,361,APMC Manmad,1204.85,1219.2,1463.64,2780.03,-1.2,-17.7,-56.7
2025,8,1,23,20,361,APMC Nampur,1173.5,1237.59,1129.73,2770.35,-5.2,3.9,-57.6
2025,8,1,23,20,361,APMC Nandgaon,1116.99,1150,1350,2775.81,-2.9,-17.3,-59.8
2025,8,1,23,20,361,APMC Nasik,814.7,837.62,965.97,2528.91,-2.7,-15.7,-67.8
2025,8,1,23,20,361,APMC Pimpalgaon Baswant,1354.69,1340.35,1461.06,2868.89,1.1,-7.3,-52.8
2025,8,1,23,20,361,APMC Satana,1128.75,1194.94,1376.32,2725.12,-5.5,-18,-58.6
2025,8,1,23,20,361,APMC Sinner,1222.86,1263.02,1352.46,2849.99,-3.2,-9.6,-57.1
2025,8,1,23,20,361,APMC Umrane,1240.25,1303.96,1324.53,2773.95,-4.9,-6.4,-55.3
2025,8,1,23,20,361,APMC Yeola,1097.61,1067.43,1189.82,2760.65,2.8,-7.8,-60.2
2025,8,1,23,20,361,Dindori(Vani),1360.2,1324.95,1475.07,2940.68,2.7,-7.8,-53.8
2025,8,1,23,20,361,Lasalgaon(Niphad),1311.99,1324.73,1477.84,2931.14,-1,-11.2,-55.2
2025,8,1,23,20,361,Lasalgaon(Vinchur),1292.67,1313.17,1505.86,2877.75,-1.6,-14.2,-55.1
2025,8,1,23,20,361,"Malharshree Khajgi Krushi Utpann Bajar, Chandanpuri Tal Malegaon, Nashik",874,886.24,971.62,2519.98,-1.4,-10.1,-65.3
2025,8,1,23,20,361,"Mankameshwr Fpc Sanchalit Mankameshwar Khajagi Krushi Utpanna Bajar Ltd, Nifad Nashik",,,,2750.32,,,
2025,8,1,23,20,361,Pimpalgaon Baswant(Saykheda),1145.94,1167.33,1325.74,2839.87,-1.8,-13.6,-59.6
2025,8,1,23,20,361,"Premium Krushi Utpanna Bazar, Nashik",,,,2000,,,
2025,8,1,23,20,361,Shivsiddha Govind Producer Company Ltd Sanchalit Khajgi Krushi Utpann Bajar Samati-Abhona-Kalwan,1339.93,1424.89,1528.7,2970.5,-6,-12.3,-54.9
2025,8,1,23,20,361,"Shri Rameshwar Krushi Market, M.Nagar, Tal Deola, Dist Nashik",1023.94,1037.84,1165.45,2800.79,-1.3,-12.1,-63.4
2025,8,2,23,20,361,APMC Chandwad,1501.9,1298.98,1395.41,3245.87,15.6,7.6,-53.7
2025,8,2,23,20,361,APMC Devala,1485.39,1224.71,1431.03,3216.2,21.3,3.8,-53.8
2025,8,2,23,20,361,APMC Dindori,1551.51,1370.41,1335.58,3147.27,13.2,16.2,-50.7
2025,8,2,23,20,361,APMC Kalvan,1185.69,1146.56,1298.26,3169.5,3.4,-8.7,-62.6
2025,8,2,23,20,361,APMC Lasalgaon,1554.13,1305.83,1484.16,3261.16,19,4.7,-52.3
2025,8,2,23,20,361,APMC Manmad,1413.77,1204.85,1333.67,3214,17.3,6,-56
2025,8,2,23,20,361,APMC Nampur,1417.26,1173.5,1239.29,3272.77,20.8,14.4,-56.7
2025,8,2,23,20,361,APMC Nandgaon,1392.43,1116.99,1284.81,3250,24.7,8.4,-57.2
2025,8,2,23,20,361,APMC Nasik,1068.96,814.7,1204.52,3266.93,31.2,-11.2,-67.3
2025,8,2,23,20,361,APMC Pimpalgaon Baswant,1537.21,1354.69,1379.62,3358.58,13.5,11.4,-54.2
2025,8,2,23,20,361,APMC Satana,1418.27,1128.75,1341.32,,25.6,5.7,
2025,8,2,23,20,361,APMC Sinner,1391.83,1222.86,1313.43,3295.88,13.8,6,-57.8
2025,8,2,23,20,361,APMC Umrane,1347.61,1240.25,1375,3157.62,8.7,-2,-57.3
2025,8,2,23,20,361,APMC Yeola,1420.72,1097.61,1131.42,3265.93,29.4,25.6,-56.5
2025,8,2,23,20,361,Dindori(Vani),1558.88,1360.2,1437.45,3301,14.6,8.4,-52.8
2025,8,2,23,20,361,Lasalgaon(Niphad),1533.85,1311.99,1396.83,3386.04,16.9,9.8,-54.7
2025,8,2,23,20,361,Lasalgaon(Vinchur),1527.35,1292.67,1468.26,3306.32,18.1,4,-53.8
2025,8,2,23,20,361,"Malharshree Khajgi Krushi Utpann Bajar, Chandanpuri Tal Malegaon, Nashik",987,874,988.3,2850.09,12.9,-0.1,-65.4
2025,8,2,23,20,361,Pimpalgaon Baswant(Saykheda),1375.76,1145.94,1246.57,3324.43,20.1,10.4,-58.6
2025,8,2,23,20,361,Shivsiddha Govind Producer Company Ltd Sanchalit Khajgi Krushi Utpann Bajar Samati-Abhona-Kalwan,1543.65,1339.93,1521.06,3406.06,15.2,1.5,-54.7
2025,8,2,23,20,361,"Shri Rameshwar Krushi Market, M.Nagar, Tal Deola, Dist Nashik",1320.35,1023.94,1141.02,3085.57,28.9,15.7,-57.2
2025,8,3,23,20,361,APMC Chandwad,1502.05,1501.9,1375.24,3562.03,0,9.2,-57.8
2025,8,3,23,20,361,APMC Devala,1470.47,1485.39,1327.32,3635.69,-1,10.8,-59.5
2025,8,3,23,20,361,APMC Dindori,1550.35,1551.51,1400.05,3342.5,-0.1,10.7,-53.6
2025,8,3,23,20,361,APMC Kalvan,1319.83,1185.69,1161.2,3622.31,11.3,13.7,-63.6
2025,8,3,23,20,361,APMC Lasalgaon,1631.75,1554.13,1421.85,3601.77,5,14.8,-54.7
2025,8,3,23,20,361,APMC Manmad,1482.66,1413.77,1285.92,3481.97,4.9,15.3,-57.4
2025,8,3,23,20,361,APMC Nampur,1335.13,1417.26,1240.63,3590.63,-5.8,7.6,-62.8
2025,8,3,23,20,361,APMC Nandgaon,1372.78,1392.43,1182.29,3703.08,-1.4,16.1,-62.9
2025,8,3,23,20,361,APMC Nasik,1244.18,1068.96,927.27,3333.74,16.4,34.2,-62.7
2025,8,3,23,20,361,APMC Pimpalgaon Baswant,1556.59,1537.21,1397.3,3553.84,1.3,11.4,-56.2
2025,8,3,23,20,361,APMC Satana,1372.64,1418.27,1271.84,,-3.2,7.9,
2025,8,3,23,20,361,APMC Sinner,1462.44,1391.83,1254.73,3591.83,5.1,16.6,-59.3
2025,8,3,23,20,361,APMC Umrane,1305.71,1347.61,1307.16,3542.72,-3.1,-0.1,-63.1
2025,8,3,23,20,361,APMC Yeola,1371.67,1420.72,1129.84,3398.13,-3.5,21.4,-59.6
2025,8,3,23,20,361,Dindori(Vani),1730.48,1558.88,1404.68,3701,11,23.2,-53.2
2025,8,3,23,20,361,Lasalgaon(Niphad),1538.11,1533.85,1362.4,3539.51,0.3,12.9,-56.5
2025,8,3,23,20,361,Lasalgaon(Vinchur),1534.66,1527.35,1412.13,3446.9,0.5,8.7,-55.5
2025,8,3,23,20,361,"Malharshree Khajgi Krushi Utpann Bajar, Chandanpuri Tal Malegaon, Nashik",,987,911,3410.22,,,
2025,8,3,23,20,361,Pimpalgaon Baswant(Saykheda),1416.79,1375.76,1228.36,3475.6,3,15.3,-59.2
2025,8,3,23,20,361,Shivsiddha Govind Producer Company Ltd Sanchalit Khajgi Krushi Utpann Bajar Samati-Abhona-Kalwan,1518.38,1543.65,1435.93,3635.34,-1.6,5.7,-58.2
2025,8,3,23,20,361,"Shri Rameshwar Krushi Market, M.Nagar, Tal Deola, Dist Nashik",,1320.35,1131.17,3516.7,,,
2025,8,4,23,20,361,APMC Chandwad,1334.9,1502.05,1265.15,3796.4,-11.1,5.5,-64.8
2025,8,4,23,20,361,APMC Devala,1300.49,1470.47,1205.26,3640.86,-11.6,7.9,-64.3
2025,8,4,23,20,361,APMC Dindori,1311.88,1550.35,1322.18,,-15.4,-0.8,
2025,8,4,23,20,361,APMC Kalvan,1213.46,1319.83,1100.31,3667.02,-8.1,10.3,-66.9
2025,8,4,23,20,361,APMC Lasalgaon,1460.75,1631.75,1319.42,3686.2,-10.5,10.7,-60.4
2025,8,4,23,20,361,APMC Manmad,1347.43,1482.66,1219.2,3443.51,-9.1,10.5,-60.9
2025,8,4,23,20,361,APMC Nampur,1281.67,1335.13,1237.59,3432.38,-4,3.6,-62.7
2025,8,4,23,20,361,APMC Nandgaon,1150,1372.78,1150,3674.18,-16.2,0,-68.7
2025,8,4,23,20,361,APMC Nasik,1093.99,1244.18,837.62,3562.42,-12.1,30.6,-69.3
2025,8,4,23,20,361,APMC Pimpalgaon Baswant,1354.06,1556.59,1340.35,3704.64,-13,1,-63.5
2025,8,4,23,20,361,APMC Satana,1225.73,1372.64,1194.94,3696.88,-10.7,2.6,-66.8
2025,8,4,23,20,361,APMC Sinner,1210.91,1462.44,1263.02,3611.94,-17.2,-4.1,-66.5
2025,8,4,23,20,361,APMC Umrane,1100,1305.71,1303.96,3467.39,-15.8,-15.6,-68.3
2025,8,4,23,20,361,APMC Yeola,1085.47,1371.67,1067.43,3496.84,-20.9,1.7,-69
2025,8,4,23,20,361,Dindori(Vani),1311.82,1730.48,1324.95,3618.11,-24.2,-1,-63.7
2025,8,4,23,20,361,Lasalgaon(Niphad),1368.26,1538.11,1324.73,3691.84,-11,3.3,-62.9
2025,8,4,23,20,361,Lasalgaon(Vinchur),1391.66,1534.66,1313.17,3617.95,-9.3,6,-61.5
2025,8,4,23,20,361,"Malharshree Khajgi Krushi Utpann Bajar, Chandanpuri Tal Malegaon, Nashik",815,,886.24,3404.84,,-8,-76.1
2025,8,4,23,20,361,Pimpalgaon Baswant(Saykheda),1174.4,1416.79,1167.33,3607.32,-17.1,0.6,-67.4
2025,8,4,23,20,361,Shivsiddha Govind Producer Company Ltd Sanchalit Khajgi Krushi Utpann Bajar Samati-Abhona-Kalwan,1301.41,1518.38,1424.89,3686.82,-14.3,-8.7,-64.7
2025,8,4,23,20,361,"Shri Rameshwar Krushi Market, M.Nagar, Tal Deola, Dist Nashik",,,1037.84,3537.53,,,
2025,9,1,23,20,361,APMC Chandwad,1301.44,1334.9,1298.98,3888.6,-2.5,0.2,-66.5
2025,9,1,23,20,361,APMC Devala,1214.76,1300.49,1224.71,3933.77,-6.6,-0.8,-69.1
2025,9,1,23,20,361,APMC Dindori,1311.13,1311.88,1370.41,,-0.1,-4.3,
2025,9,1,23,20,361,APMC Kalvan,1120.75,1213.46,1146.56,4004.89,-7.6,-2.2,-72
2025,9,1,23,20,361,APMC Lasalgaon,1315.18,1460.75,1305.83,4029.73,-10,0.7,-67.4
2025,9,1,23,20,361,APMC Manmad,1282.23,1347.43,1204.85,3802.49,-4.8,6.4,-66.3
2025,9,1,23,20,361,APMC Nampur,1212.12,1281.67,1173.5,3626.56,-5.4,3.3,-66.6
2025,9,1,23,20,361,APMC Nandgaon,1050,1150,1116.99,3731.75,-8.7,-6,-71.9
2025,9,1,23,20,361,APMC Nasik,833.82,1093.99,814.7,3836.78,-23.8,2.4,-78.3
2025,9,1,23,20,361,APMC Pimpalgaon Baswant,1298.31,1354.06,1354.69,3926.81,-4.1,-4.2,-66.9
2025,9,1,23,20,361,APMC Satana,1226.4,1225.73,1128.75,4042.98,0.1,8.7,-69.7
2025,9,1,23,20,361,APMC Sinner,1139.37,1210.91,1222.86,3896.25,-5.9,-6.8,-70.8
2025,9,1,23,20,361,APMC Umrane,1249.87,1100,1240.25,3900,13.6,0.8,-68
2025,9,1,23,20,361,APMC Yeola,1021.47,1085.47,1097.61,3664.93,-5.9,-6.9,-72.1
2025,9,1,23,20,361,Dindori(Vani),1314.19,1311.82,1360.2,4001,0.2,-3.4,-67.2
2025,9,1,23,20,361,Lasalgaon(Niphad),1299.21,1368.26,1311.99,3911.65,-5,-1,-66.8
2025,9,1,23,20,361,Lasalgaon(Vinchur),1312.74,1391.66,1292.67,3952.63,-5.7,1.6,-66.8
2025,9,1,23,20,361,"Malharshree Khajgi Krushi Utpann Bajar, Chandanpuri Tal Malegaon, Nashik",754,815,874,3641,-7.5,-13.7,-79.3
2025,9,1,23,20,361,Pimpalgaon Baswant(Saykheda),1113.69,1174.4,1145.94,3932.97,-5.2,-2.8,-71.7
2025,9,1,23,20,361,Shivsiddha Govind Producer Company Ltd Sanchalit Khajgi Krushi Utpann Bajar Samati-Abhona-Kalwan,1473.46,1301.41,1339.93,4000,13.2,10,-63.2
2025,9,1,23,20,361,"Shri Rameshwar Krushi Market, M.Nagar, Tal Deola, Dist Nashik",,,1023.94,3783.26,,,
2025,9,2,23,20,361,APMC Chandwad,1114.33,1301.44,1501.9,3948.95,-14.4,-25.8,-71.8
2025,9,2,23,20,361,APMC Devala,1129.85,1214.76,1485.39,3909.01,-7,-23.9,-71.1
2025,9,2,23,20,361,APMC Dindori,1158.46,1311.13,1551.51,,-11.6,-25.3,
2025,9,2,23,20,361,APMC Kalvan,1014.6,1120.75,1185.69,3783.69,-9.5,-14.4,-73.2
2025,9,2,23,20,361,APMC Lasalgaon,1235.05,1315.18,1554.13,4088.99,-6.1,-20.5,-69.8
2025,9,2,23,20,361,APMC Manmad,1054.14,1282.23,1413.77,3787.32,-17.8,-25.4,-72.2
2025,9,2,23,20,361,APMC Nampur,1090.26,1212.12,1417.26,3824.69,-10.1,-23.1,-71.5
2025,9,2,23,20,361,APMC Nandgaon,858,1050,1392.43,3731.65,-18.3,-38.4,-77
2025,9,2,23,20,361,APMC Nasik,1009.39,833.82,1068.96,3849,21.1,-5.6,-73.8
2025,9,2,23,20,361,APMC Pimpalgaon Baswant,1191.91,1298.31,1537.21,3968.16,-8.2,-22.5,-70
2025,9,2,23,20,361,APMC Satana,1076.6,1226.4,1418.27,,-12.2,-24.1,
2025,9,2,23,20,361,APMC Sinner,1074.99,1139.37,1391.83,3981.33,-5.7,-22.8,-73
2025,9,2,23,20,361,APMC Umrane,1150.81,1249.87,1347.61,,-7.9,-14.6,
2025,9,2,23,20,361,APMC Yeola,910.23,1021.47,1420.72,3888.66,-10.9,-35.9,-76.6
2025,9,2,23,20,361,Dindori(Vani),1171.5,1314.19,1558.88,4201,-10.9,-24.9,-72.1
2025,9,2,23,20,361,Lasalgaon(Niphad),1142.28,1299.21,1533.85,4142.58,-12.1,-25.5,-72.4
2025,9,2,23,20,361,Lasalgaon(Vinchur),1185.91,1312.74,1527.35,4098.57,-9.7,-22.4,-71.1
2025,9,2,23,20,361,"Malharshree Khajgi Krushi Utpann Bajar, Chandanpuri Tal Malegaon, Nashik",,754,987,3425.84,,,
2025,9,2,23,20,361,"Mankameshwr Fpc Sanchalit Mankameshwar Khajagi Krushi Utpanna Bajar Ltd, Nifad Nashik",,,,4149.02,,,
2025,9,2,23,20,361,Pimpalgaon Baswant(Saykheda),1004.34,1113.69,1375.76,3956.68,-9.8,-27,-74.6
2025,9,2,23,20,361,Shivsiddha Govind Producer Company Ltd Sanchalit Khajgi Krushi Utpann Bajar Samati-Abhona-Kalwan,1409.41,1473.46,1543.65,3967.61,-4.3,-8.7,-64.5
2025,9,2,23,20,361,"Shri Rameshwar Krushi Market, M.Nagar, Tal Deola, Dist Nashik",919.18,,1320.35,3800.07,,-30.4,-75.8
2025,9,3,23,20,361,APMC Chandwad,1033.03,1114.33,1502.05,4508.79,-7.3,-31.2,-77.1
2025,9,3,23,20,361,APMC Devala,1096.15,1129.85,1470.47,4674.82,-3,-25.5,-76.5
2025,9,3,23,20,361,APMC Dindori,1201.95,1158.46,1550.35,,3.8,-22.5,
2025,9,3,23,20,361,APMC Kalvan,1042.04,1014.6,1319.83,4567.5,2.7,-21.1,-77.2
2025,9,3,23,20,361,APMC Lasalgaon,1144.46,1235.05,1631.75,4695.51,-7.3,-29.9,-75.6
2025,9,3,23,20,361,APMC Manmad,1022.85,1054.14,1482.66,4328.84,-3,-31,-76.4
2025,9,3,23,20,361,APMC Nampur,1114.69,1090.26,1335.13,4473.29,2.2,-16.5,-75.1
2025,9,3,23,20,361,APMC Nandgaon,875.44,858,1372.78,4292.54,2,-36.2,-79.6
2025,9,3,23,20,361,APMC Nasik,878.78,1009.39,1244.18,4384.69,-12.9,-29.4,-80
2025,9,3,23,20,361,APMC Pimpalgaon Baswant,1166.88,1191.91,1556.59,4690.31,-2.1,-25,-75.1
2025,9,3,23,20,361,APMC Satana,1036.21,1076.6,1372.64,4705.4,-3.8,-24.5,-78
2025,9,3,23,20,361,APMC Sinner,970.01,1074.99,1462.44,4715.76,-9.8,-33.7,-79.4
2025,9,3,23,20,361,APMC Umrane,1069.55,1150.81,1305.71,4248,-7.1,-18.1,-74.8
2025,9,3,23,20,361,APMC Yeola,852.97,910.23,1371.67,4377.82,-6.3,-37.8,-80.5
2025,9,3,23,20,361,Dindori(Vani),1173.68,1171.5,1730.48,4714.11,0.2,-32.2,-75.1
2025,9,3,23,20,361,Lasalgaon(Niphad),1125.82,1142.28,1538.11,4768.28,-1.4,-26.8,-76.4
2025,9,3,23,20,361,Lasalgaon(Vinchur),1137.68,1185.91,1534.66,4603.4,-4.1,-25.9,-75.3
2025,9,3,23,20,361,"Malharshree Khajgi Krushi Utpann Bajar, Chandanpuri Tal Malegaon, Nashik",844,,,,,,
2025,9,3,23,20,361,Pimpalgaon Baswant(Saykheda),994.49,1004.34,1416.79,4585.45,-1,-29.8,-78.3
2025,9,3,23,20,361,Shivsiddha Govind Producer Company Ltd Sanchalit Khajgi Krushi Utpann Bajar Samati-Abhona-Kalwan,1420.95,1409.41,1518.38,4794.65,0.8,-6.4,-70.4
2025,9,3,23,20,361,"Shri Rameshwar Krushi Market, M.Nagar, Tal Deola, Dist Nashik",,919.18,,4040.1,,,
2025,9,4,23,20,361,APMC Chandwad,1079.54,1033.03,1334.9,4342.62,4.5,-19.1,-75.1
2025,9,4,23,20,361,APMC Devala,1128.19,1096.15,1300.49,4444.31,2.9,-13.2,-74.6
2025,9,4,23,20,361,APMC Dindori,1203.48,1201.95,1311.88,,0.1,-8.3,
2025,9,4,23,20,361,APMC Kalvan,1020.09,1042.04,1213.46,4332.67,-2.1,-15.9,-76.5
2025,9,4,23,20,361,APMC Lasalgaon,1158.64,1144.46,1460.75,4419.87,1.2,-20.7,-73.8
2025,9,4,23,20,361,APMC Manmad,980.05,1022.85,1347.43,4186.51,-4.2,-27.3,-76.6
2025,9,4,23,20,361,APMC Nampur,1066.74,1114.69,1281.67,4313.49,-4.3,-16.8,-75.3
2025,9,4,23,20,361,APMC Nandgaon,950,875.44,1150,3862.12,8.5,-17.4,-75.4
2025,9,4,23,20,361,APMC Nasik,919.11,878.78,1093.99,4149.52,4.6,-16,-77.8
2025,9,4,23,20,361,APMC Pimpalgaon Baswant,1216.06,1166.88,1354.06,4530.33,4.2,-10.2,-73.2
2025,9,4,23,20,361,APMC Satana,1061.18,1036.21,1225.73,4525.2,2.4,-13.4,-76.5
2025,9,4,23,20,361,APMC Sinner,1000,970.01,1210.91,4279.29,3.1,-17.4,-76.6
2025,9,4,23,20,361,APMC Umrane,1047.95,1069.55,1100,4009.24,-2,-4.7,-73.9
2025,9,4,23,20,361,APMC Yeola,868.39,852.97,1085.47,3917.28,1.8,-20,-77.8
2025,9,4,23,20,361,Dindori(Vani),1236.68,1173.68,1311.82,4858.09,5.4,-5.7,-74.5
2025,9,4,23,20,361,Lasalgaon(Niphad),1069.88,1125.82,1368.26,4430.72,-5,-21.8,-75.8
2025,9,4,23,20,361,Lasalgaon(Vinchur),1114.76,1137.68,1391.66,4410.25,-2,-19.9,-74.7
2025,9,4,23,20,361,"Malharshree Khajgi Krushi Utpann Bajar, Chandanpuri Tal Malegaon, Nashik",910,844,815,4090.14,7.8,11.7,-77.8
2025,9,4,23,20,361,Pimpalgaon Baswant(Saykheda),938.97,994.49,1174.4,4229.93,-5.6,-20.1,-77.8
2025,9,4,23,20,361,Shivsiddha Govind Producer Company Ltd Sanchalit Khajgi Krushi Utpann Bajar Samati-Abhona-Kalwan,1479.34,1420.95,1301.41,4425.44,4.1,13.7,-66.6
2025,9,4,23,20,361,"Shri Rameshwar Krushi Market, M.Nagar, Tal Deola, Dist Nashik",,,,3453.14,,,
2025,10,1,23,20,361,APMC Chandwad,1096.5,1079.54,1301.44,4277.37,1.6,-15.8,-74.4
2025,10,1,23,20,361,APMC Devala,1097.91,1128.19,1214.76,4387.62,-2.7,-9.6,-75
2025,10,1,23,20,361,APMC Dindori,1124.72,1203.48,1311.13,,-6.5,-14.2,
2025,10,1,23,20,361,APMC Kalvan,1006.71,1020.09,1120.75,4088.08,-1.3,-10.2,-75.4
2025,10,1,23,20,361,APMC Lasalgaon,1136.75,1158.64,1315.18,4345.67,-1.9,-13.6,-73.8
2025,10,1,23,20,361,APMC Manmad,1044.11,980.05,1282.23,3953.28,6.5,-18.6,-73.6
2025,10,1,23,20,361,APMC Nampur,1088.5,1066.74,1212.12,3962.29,2,-10.2,-72.5
2025,10,1,23,20,361,APMC Nandgaon,923.65,950,1050,4150,-2.8,-12,-77.7
2025,10,1,23,20,361,APMC Nasik,1063.43,919.11,833.82,3717.02,15.7,27.5,-71.4
2025,10,1,23,20,361,APMC Pimpalgaon Baswant,1226.3,1216.06,1298.31,4417.6,0.8,-5.5,-72.2
2025,10,1,23,20,361,APMC Satana,1089.48,1061.18,1226.4,4239.45,2.7,-11.2,-74.3
2025,10,1,23,20,361,APMC Sinner,1068.55,1000,1139.37,4228.54,6.8,-6.2,-74.7
2025,10,1,23,20,361,APMC Umrane,1169.86,1047.95,1249.87,4130.16,11.6,-6.4,-71.7
2025,10,1,23,20,361,APMC Yeola,1001.97,868.39,1021.47,4065.22,15.4,-1.9,-75.3
2025,10,1,23,20,361,Dindori(Vani),1171.72,1236.68,1314.19,4390.15,-5.2,-10.8,-73.3
2025,10,1,23,20,361,Lasalgaon(Niphad),1089.36,1069.88,1299.21,4329.45,1.8,-16.1,-74.8
2025,10,1,23,20,361,Lasalgaon(Vinchur),1114.39,1114.76,1312.74,4302.24,0,-15.1,-74.1
2025,10,1,23,20,361,"Malharshree Khajgi Krushi Utpann Bajar, Chandanpuri Tal Malegaon, Nashik",945,910,754,,3.9,25.3,
2025,10,1,23,20,361,Pimpalgaon Baswant(Saykheda),981.68,938.97,1113.69,4160.97,4.5,-11.8,-76.4
2025,10,1,23,20,361,Shivsiddha Govind Producer Company Ltd Sanchalit Khajgi Krushi Utpann Bajar Samati-Abhona-Kalwan,1432.63,1479.34,1473.46,4302.55,-3.2,-2.8,-66.7
2025,10,1,23,20,361,"Shri Rameshwar Krushi Market, M.Nagar, Tal Deola, Dist Nashik",998.44,,,3558.49,,,-71.9
2025,10,2,23,20,361,APMC Chandwad,974.05,1096.5,1114.33,4128.39,-11.2,-12.6,-76.4
2025,10,2,23,20,361,APMC Devala,942.25,1097.91,1129.85,4207.91,-14.2,-16.6,-77.6
2025,10,2,23,20,361,APMC Dindori,1051,1124.72,1158.46,,-6.5,-9.3,
2025,10,2,23,20,361,APMC Kalvan,968.27,1006.71,1014.6,4060.28,-3.8,-4.6,-76.2
2025,10,2,23,20,361,APMC Lasalgaon,1069.18,1136.75,1235.05,3769.46,-5.9,-13.4,-71.6
2025,10,2,23,20,361,APMC Manmad,940.82,1044.11,1054.14,3210.39,-9.9,-10.8,-70.7
2025,10,2,23,20,361,APMC Nampur,929.03,1088.5,1090.26,3944.62,-14.7,-14.8,-76.5
2025,10,2,23,20,361,APMC Nandgaon,904.41,923.65,858,3817.55,-2.1,5.4,-76.3
2025,10,2,23,20,361,APMC Nasik,800.03,1063.43,1009.39,3763.99,-24.8,-20.7,-78.8
2025,10,2,23,20,361,APMC Pimpalgaon Baswant,1116.47,1226.3,1191.91,4240.73,-9,-6.3,-73.7
2025,10,2,23,20,361,APMC Satana,946.58,1089.48,1076.6,4227.81,-13.1,-12.1,-77.6
2025,10,2,23,20,361,APMC Sinner,975.87,1068.55,1074.99,4181.6,-8.7,-9.2,-76.7
2025,10,2,23,20,361,APMC Umrane,994.01,1169.86,1150.81,3882.02,-15,-13.6,-74.4
2025,10,2,23,20,361,APMC Yeola,827.26,1001.97,910.23,3767.48,-17.4,-9.1,-78
2025,10,2,23,20,361,Dindori(Vani),997.64,1171.72,1171.5,4192.89,-14.9,-14.8,-76.2
2025,10,2,23,20,361,Lasalgaon(Niphad),1039.76,1089.36,1142.28,4192.11,-4.5,-9,-75.2
2025,10,2,23,20,361,Lasalgaon(Vinchur),1040.36,1114.39,1185.91,4138.56,-6.6,-12.3,-74.9
2025,10,2,23,20,361,"Malharshree Khajgi Krushi Utpann Bajar, Chandanpuri Tal Malegaon, Nashik",,945,,3829.99,,,
2025,10,2,23,20,361,"Mankameshwr Fpc Sanchalit Mankameshwar Khajagi Krushi Utpanna Bajar Ltd, Nifad Nashik",,,,4103.49,,,
2025,10,2,23,20,361,Pimpalgaon Baswant(Saykheda),918.43,981.68,1004.34,4151.28,-6.4,-8.6,-77.9
2025,10,2,23,20,361,Shivsiddha Govind Producer Company Ltd Sanchalit Khajgi Krushi Utpann Bajar Samati-Abhona-Kalwan,1363.82,1432.63,1409.41,4347.24,-4.8,-3.2,-68.6
2025,10,2,23,20,361,"Shri Rameshwar Krushi Market, M.Nagar, Tal Deola, Dist Nashik",,998.44,919.18,3069.05,,,
2025,10,3,23,20,361,APMC Chandwad,950,974.05,1033.03,4049,-2.5,-8,-76.5
2025,10,3,23,20,361,APMC Devala,980,942.25,1096.15,4358.62,4,-10.6,-77.5
2025,10,3,23,20,361,APMC Dindori,,1051,1201.95,,,,
2025,10,3,23,20,361,APMC Kalvan,939.07,968.27,1042.04,4087.86,-3,-9.9,-77
2025,10,3,23,20,361,APMC Lasalgaon,1075,1069.18,1144.46,3442.01,0.5,-6.1,-68.8
2025,10,3,23,20,361,APMC Manmad,1000,940.82,1022.85,3069.46,6.3,-2.2,-67.4
2025,10,3,23,20,361,APMC Nampur,1053.4,929.03,1114.69,3969.72,13.4,-5.5,-73.5
2025,10,3,23,20,361,APMC Nandgaon,750,904.41,875.44,3970.28,-17.1,-14.3,-81.1
2025,10,3,23,20,361,APMC Nasik,811.4,800.03,878.78,3789.37,1.4,-7.7,-78.6
2025,10,3,23,20,361,APMC Pimpalgaon Baswant,1110.9,1116.47,1166.88,4351.99,-0.5,-4.8,-74.5
2025,10,3,23,20,361,APMC Satana,940.4,946.58,1036.21,4340.51,-0.7,-9.2,-78.3
2025,10,3,23,20,361,APMC Sinner,950,975.87,970.01,4331.17,-2.6,-2.1,-78.1
2025,10,3,23,20,361,APMC Umrane,1051,994.01,1069.55,4009.93,5.7,-1.7,-73.8
2025,10,3,23,20,361,APMC Yeola,750.21,827.26,852.97,3936.95,-9.3,-12.1,-80.9
2025,10,3,23,20,361,Dindori(Vani),1047.46,997.64,1173.68,4291.32,5,-10.8,-75.6
2025,10,3,23,20,361,Lasalgaon(Niphad),1050,1039.76,1125.82,4195.23,1,-6.7,-75
2025,10,3,23,20,361,Lasalgaon(Vinchur),970,1040.36,1137.68,4149.92,-6.8,-14.7,-76.6
2025,10,3,23,20,361,"Malharshree Khajgi Krushi Utpann Bajar, Chandanpuri Tal Malegaon, Nashik",905,,844,3949.08,,7.2,-77.1
2025,10,3,23,20,361,Pimpalgaon Baswant(Saykheda),900,918.43,994.49,4258.47,-2,-9.5,-78.9
2025,10,3,23,20,361,Shivsiddha Govind Producer Company Ltd Sanchalit Khajgi Krushi Utpann Bajar Samati-Abhona-Kalwan,1330,1363.82,1420.95,4546.75,-2.5,-6.4,-70.8
2025,10,3,23,20,361,"Shri Rameshwar Krushi Market, M.Nagar, Tal Deola, Dist Nashik",,,,3190.82,,,
2025,10,4,23,20,361,APMC Chandwad,1367.64,950,1079.54,3340.65,44,26.7,-59.1
2025,10,4,23,20,361,APMC Devala,1425.31,980,1128.19,4571.12,45.4,26.3,-68.8
2025,10,4,23,20,361,APMC Dindori,,,1203.48,,,,
2025,10,4,23,20,361,APMC Kalvan,1232.25,939.07,1020.09,4338.06,31.2,20.8,-71.6
2025,10,4,23,20,361,APMC Lasalgaon,1483.11,1075,1158.64,3789.36,38,28,-60.9
2025,10,4,23,20,361,APMC Manmad,1245.76,1000,980.05,3373.55,24.6,27.1,-63.1
2025,10,4,23,20,361,APMC Nampur,1398.69,1053.4,1066.74,4318.32,32.8,31.1,-67.6
2025,10,4,23,20,361,APMC Nandgaon,1198.61,750,950,4065.6,59.8,26.2,-70.5
2025,10,4,23,20,361,APMC Nasik,1274.82,811.4,919.11,4111.42,57.1,38.7,-69
2025,10,4,23,20,361,APMC Pimpalgaon Baswant,1581.68,1110.9,1216.06,4489.37,42.4,30.1,-64.8
2025,10,4,23,20,361,APMC Satana,1478.97,940.4,1061.18,4432.86,57.3,39.4,-66.6
2025,10,4,23,20,361,APMC Sinner,1377.56,950,1000,4473.49,45,37.8,-69.2
2025,10,4,23,20,361,APMC Umrane,1411.57,1051,1047.95,4142.19,34.3,34.7,-65.9
2025,10,4,23,20,361,APMC Yeola,1140.43,750.21,868.39,4160.96,52,31.3,-72.6
2025,10,4,23,20,361,Dindori(Vani),1463.39,1047.46,1236.68,4584.86,39.7,18.3,-68.1
2025,10,4,23,20,361,Lasalgaon(Niphad),1430.43,1050,1069.88,4464.06,36.2,33.7,-68
2025,10,4,23,20,361,Lasalgaon(Vinchur),1468.21,970,1114.76,4390.9,51.4,31.7,-66.6
2025,10,4,23,20,361,"Malharshree Khajgi Krushi Utpann Bajar, Chandanpuri Tal Malegaon, Nashik",1089,905,910,4188,20.3,19.7,-74
2025,10,4,23,20,361,Pimpalgaon Baswant(Saykheda),1186.68,900,938.97,4449.2,31.9,26.4,-73.3
2025,10,4,23,20,361,Shivsiddha Govind Producer Company Ltd Sanchalit Khajgi Krushi Utpann Bajar Samati-Abhona-Kalwan,1781.5,1330,1479.34,4547.56,34,20.4,-60.8
2025,11,1,23,20,361,APMC Chandwad,1552,1367.64,1096.5,4557.11,13.5,41.5,-65.9
2025,11,1,23,20,361,APMC Devala,1563.52,1425.31,1097.91,4687.35,9.7,42.4,-66.6
2025,11,1,23,20,361,APMC Dindori,,,1124.72,,,,
2025,11,1,23,20,361,APMC Kalvan,1305.97,1232.25,1006.71,5885.55,6,29.7,-77.8
2025,11,1,23,20,361,APMC Lasalgaon,1671.63,1483.11,1136.75,4630.53,12.7,47,-63.9
2025,11,1,23,20,361,APMC Manmad,1492.35,1245.76,1044.11,4305.9,19.8,42.9,-65.3
2025,11,1,23,20,361,APMC Nampur,1463.74,1398.69,1088.5,5469.78,4.7,34.5,-73.2
2025,11,1,23,20,361,APMC Nandgaon,1299.43,1198.61,923.65,4391.9,8.4,40.7,-70.4
2025,11,1,23,20,361,APMC Nasik,1324.38,1274.82,1063.43,4331.89,3.9,24.5,-69.4
2025,11,1,23,20,361,APMC Pimpalgaon Baswant,1737.05,1581.68,1226.3,4858.86,9.8,41.6,-64.2
2025,11,1,23,20,361,APMC Satana,1393.51,1478.97,1089.48,5939.54,-5.8,27.9,-76.5
2025,11,1,23,20,361,APMC Sinner,1422.15,1377.56,1068.55,5737.59,3.2,33.1,-75.2
2025,11,1,23,20,361,APMC Umrane,1480.53,1411.57,1169.86,4885.14,4.9,26.6,-69.7
2025,11,1,23,20,361,APMC Yeola,1148.71,1140.43,1001.97,5645.94,0.7,14.7,-79.7
2025,11,1,23,20,361,Dindori(Vani),1816.18,1463.39,1171.72,4876.94,24.1,55,-62.8
2025,11,1,23,20,361,Lasalgaon(Niphad),1621.42,1430.43,1089.36,5549.91,13.3,48.8,-70.8
2025,11,1,23,20,361,Lasalgaon(Vinchur),1572.1,1468.21,1114.39,4827.13,7.1,41.1,-67.4
2025,11,1,23,20,361,"Malharshree Khajgi Krushi Utpann Bajar, Chandanpuri Tal Malegaon, Nashik",,1089,945,5187.28,,,
2025,11,1,23,20,361,"Mankameshwr Fpc Sanchalit Mankameshwar Khajagi Krushi Utpanna Bajar Ltd, Nifad Nashik",,,,5429.5,,,
2025,11,1,23,20,361,Pimpalgaon Baswant(Saykheda),1423.77,1186.68,981.68,5437.61,20,45,-73.8
2025,11,1,23,20,361,Shivsiddha Govind Producer Company Ltd Sanchalit Khajgi Krushi Utpann Bajar Samati-Abhona-Kalwan,1798.21,1781.5,1432.63,5962.15,0.9,25.5,-69.8
2025,11,1,23,20,361,"Shri Rameshwar Krushi Market, M.Nagar, Tal Deola, Dist Nashik",,,998.44,3777.7,,,
2025,11,2,23,20,361,APMC Chandwad,1220,1552,974.05,4085.62,-21.4,25.2,-70.1
2025,11,2,23,20,361,APMC Devala,1414.07,1563.52,942.25,4168.47,-9.6,50.1,-66.1
2025,11,2,23,20,361,APMC Dindori,,,1051,,,,
2025,11,2,23,20,361,APMC Kalvan,1199.22,1305.97,968.27,5327.77,-8.2,23.9,-77.5
2025,11,2,23,20,361,APMC Lasalgaon,1540.71,1671.63,1069.18,4890.09,-7.8,44.1,-68.5
2025,11,2,23,20,361,APMC Manmad,1250,1492.35,940.82,3672.86,-16.2,32.9,-66
2025,11,2,23,20,361,APMC Nampur,1300,1463.74,929.03,5200,-11.2,39.9,-75
2025,11,2,23,20,361,APMC Nandgaon,,1299.43,904.41,3904.23,,,
2025,11,2,23,20,361,APMC Nasik,1311.22,1324.38,800.03,4893.72,-1,63.9,-73.2
2025,11,2,23,20,361,APMC Pimpalgaon Baswant,1475,1737.05,1116.47,4726.6,-15.1,32.1,-68.8
2025,11,2,23,20,361,APMC Satana,1084.76,1393.51,946.58,5423.15,-22.2,14.6,-80
2025,11,2,23,20,361,APMC Sinner,1350,1422.15,975.87,4700.91,-5.1,38.3,-71.3
2025,11,2,23,20,361,APMC Umrane,1395.91,1480.53,994.01,4644.61,-5.7,40.4,-70
2025,11,2,23,20,361,APMC Yeola,1000,1148.71,827.26,4869.5,-12.9,20.9,-79.5
2025,11,2,23,20,361,Dindori(Vani),,1816.18,997.64,4457.82,,,
2025,11,2,23,20,361,Lasalgaon(Niphad),1546.35,1621.42,1039.76,5540.55,-4.6,48.7,-72.1
2025,11,2,23,20,361,Lasalgaon(Vinchur),1474.22,1572.1,1040.36,4503.64,-6.2,41.7,-67.3
2025,11,2,23,20,361,"Malharshree Khajgi Krushi Utpann Bajar, Chandanpuri Tal Malegaon, Nashik",,,,4614,,,
2025,11,2,23,20,361,"Mankameshwr Fpc Sanchalit Mankameshwar Khajagi Krushi Utpanna Bajar Ltd, Nifad Nashik",,,,5553.37,,,
2025,11,2,23,20,361,Pimpalgaon Baswant(Saykheda),1350,1423.77,918.43,5238.75,-5.2,47,-74.2
2025,11,2,23,20,361,Shivsiddha Govind Producer Company Ltd Sanchalit Khajgi Krushi Utpann Bajar Samati-Abhona-Kalwan,1680,1798.21,1363.82,5634.42,-6.6,23.2,-70.2
2025,11,2,23,20,361,"Shri Rameshwar Krushi Market, M.Nagar, Tal Deola, Dist Nashik",,,,4170.86,,,
2025,11,3,23,20,361,APMC Chandwad,1139.02,1220,950,3956.21,-6.6,19.9,-71.2
2025,11,3,23,20,361,APMC Devala,1197.48,1414.07,980,4330.35,-15.3,22.2,-72.3
2025,11,3,23,20,361,APMC Kalvan,1016.76,1199.22,939.07,5314.85,-15.2,8.3,-80.9
2025,11,3,23,20,361,APMC Lasalgaon,1308.8,1540.71,1075,4540.14,-15.1,21.8,-71.2
2025,11,3,23,20,361,APMC Manmad,1289.35,1250,1000,3078.07,3.1,28.9,-58.1
2025,11,3,23,20,361,APMC Nampur,1306.17,1300,1053.4,4437.41,0.5,24,-70.6
2025,11,3,23,20,361,APMC Nandgaon,,,750,3700,,,
2025,11,3,23,20,361,APMC Nasik,1167.56,1311.22,811.4,4787.7,-11,43.9,-75.6
2025,11,3,23,20,361,APMC Pimpalgaon Baswant,1275,1475,1110.9,4804.91,-13.6,14.8,-73.5
2025,11,3,23,20,361,APMC Satana,970.14,1084.76,940.4,4637.91,-10.6,3.2,-79.1
2025,11,3,23,20,361,APMC Sinner,1116.64,1350,950,4527.01,-17.3,17.5,-75.3
2025,11,3,23,20,361,APMC Umrane,1426.61,1395.91,1051,4666.06,2.2,35.7,-69.4
2025,11,3,23,20,361,APMC Yeola,848.07,1000,750.21,3801.42,-15.2,13,-77.7
2025,11,3,23,20,361,Dindori(Vani),1575,,1047.46,4673.25,,50.4,-66.3
2025,11,3,23,20,361,Lasalgaon(Niphad),1339.51,1546.35,1050,4674.17,-13.4,27.6,-71.3
2025,11,3,23,20,361,Lasalgaon(Vinchur),1293.49,1474.22,970,3981.81,-12.3,33.4,-67.5
2025,11,3,23,20,361,"Malharshree Khajgi Krushi Utpann Bajar, Chandanpuri Tal Malegaon, Nashik",,,905,,,,
2025,11,3,23,20,361,Pimpalgaon Baswant(Saykheda),1155.32,1350,900,4579.76,-14.4,28.4,-74.8
2025,11,3,23,20,361,Shivsiddha Govind Producer Company Ltd Sanchalit Khajgi Krushi Utpann Bajar Samati-Abhona-Kalwan,,1680,1330,5508.62,,,
2025,11,3,23,20,361,"Shri Rameshwar Krushi Market, M.Nagar, Tal Deola, Dist Nashik",,,,3902.95,,,
2025,11,4,23,20,361,APMC Chandwad,862.79,1139.02,1367.64,3853.21,-24.2,-36.9,-77.6
2025,11,4,23,20,361,APMC Devala,1004.15,1197.48,1425.31,4808.58,-16.1,-29.6,-79.1
2025,11,4,23,20,361,APMC Kalvan,846.92,1016.76,1232.25,5722.87,-16.7,-31.3,-85.2
2025,11,4,23,20,361,APMC Lasalgaon,1247.79,1308.8,1483.11,4344.74,-4.7,-15.9,-71.3
2025,11,4,23,20,361,APMC Manmad,991.39,1289.35,1245.76,3442.93,-23.1,-20.4,-71.2
2025,11,4,23,20,361,APMC Nampur,1111.84,1306.17,1398.69,4078.07,-14.9,-20.5,-72.7
2025,11,4,23,20,361,APMC Nandgaon,717.55,,1198.61,3453.79,,-40.1,-79.2
2025,11,4,23,20,361,APMC Nasik,980.11,1167.56,1274.82,4146.78,-16.1,-23.1,-76.4
2025,11,4,23,20,361,APMC Pimpalgaon Baswant,1198.39,1275,1581.68,4954,-6,-24.2,-75.8
2025,11,4,23,20,361,APMC Satana,824.63,970.14,1478.97,4809.29,-15,-44.2,-82.8
2025,11,4,23,20,361,APMC Sinner,960.39,1116.64,1377.56,4529.18,-14,-30.3,-78.8
2025,11,4,23,20,361,APMC Umrane,950,1426.61,1411.57,5154.37,-33.4,-32.7,-81.6
2025,11,4,23,20,361,APMC Yeola,622.22,848.07,1140.43,3587.63,-26.6,-45.4,-82.7
2025,11,4,23,20,361,Dindori(Vani),1295.11,1575,1463.39,4125.18,-17.8,-11.5,-68.6
2025,11,4,23,20,361,Lasalgaon(Niphad),1055.73,1339.51,1430.43,4283.71,-21.2,-26.2,-75.3
2025,11,4,23,20,361,Lasalgaon(Vinchur),1033.77,1293.49,1468.21,4031.3,-20.1,-29.6,-74.4
2025,11,4,23,20,361,"Malharshree Khajgi Krushi Utpann Bajar, Chandanpuri Tal Malegaon, Nashik",,,1089,4719.78,,,
2025,11,4,23,20,361,Pimpalgaon Baswant(Saykheda),822.25,1155.32,1186.68,3882.97,-28.8,-30.7,-78.8
2025,11,4,23,20,361,Shivsiddha Govind Producer Company Ltd Sanchalit Khajgi Krushi Utpann Bajar Samati-Abhona-Kalwan,,,1781.5,6031.89,,,
2025,11,4,23,20,361,"Shri Rameshwar Krushi Market, M.Nagar, Tal Deola, Dist Nashik",,,,4279.23,,,
2025,12,1,23,20,361,APMC Chandwad,1476.89,862.79,1552,3260.12,71.2,-4.8,-54.7
2025,12,1,23,20,361,APMC Devala,1056.47,1004.15,1563.52,3462.67,5.2,-32.4,-69.5
2025,12,1,23,20,361,APMC Kalvan,873.84,846.92,1305.97,5926.24,3.2,-33.1,-85.2
2025,12,1,23,20,361,APMC Lasalgaon,1861.09,1247.79,1671.63,3695.72,49.1,11.3,-49.6
2025,12,1,23,20,361,APMC Manmad,957.53,991.39,1492.35,2849.85,-3.4,-35.8,-66.4
2025,12,1,23,20,361,APMC Nampur,1170,1111.84,1463.74,3187.29,5.2,-20.1,-63.3
2025,12,1,23,20,361,APMC Nandgaon,814.83,717.55,1299.43,2758.68,13.6,-37.3,-70.5
2025,12,1,23,20,361,APMC Nasik,837.37,980.11,1324.38,3793.8,-14.6,-36.8,-77.9
2025,12,1,23,20,361,APMC Pimpalgaon Baswant,1585.26,1198.39,1737.05,4390.47,32.3,-8.7,-63.9
2025,12,1,23,20,361,APMC Satana,993.75,824.63,1393.51,4770.4,20.5,-28.7,-79.2
2025,12,1,23,20,361,APMC Sinner,1117.65,960.39,1422.15,3373.51,16.4,-21.4,-66.9
2025,12,1,23,20,361,APMC Umrane,1674.87,950,1480.53,4289.79,76.3,13.1,-61
2025,12,1,23,20,361,APMC Yeola,859.72,622.22,1148.71,3101.25,38.2,-25.2,-72.3
2025,12,1,23,20,361,Dindori(Vani),1320.27,1295.11,1816.18,3623.4,1.9,-27.3,-63.6
2025,12,1,23,20,361,Lasalgaon(Niphad),1229.62,1055.73,1621.42,3618.76,16.5,-24.2,-66
2025,12,1,23,20,361,Lasalgaon(Vinchur),1159.83,1033.77,1572.1,3676.96,12.2,-26.2,-68.5
2025,12,1,23,20,361,"Malharshree Khajgi Krushi Utpann Bajar, Chandanpuri Tal Malegaon, Nashik",,,,4050.47,,,
2025,12,1,23,20,361,Pimpalgaon Baswant(Saykheda),1091.52,822.25,1423.77,3155.32,32.8,-23.3,-65.4
2025,12,1,23,20,361,Shivsiddha Govind Producer Company Ltd Sanchalit Khajgi Krushi Utpann Bajar Samati-Abhona-Kalwan,,,1798.21,6213.99,,,
2025,12,1,23,20,361,"Shri Rameshwar Krushi Market, M.Nagar, Tal Deola, Dist Nashik",,,,3232.51,,,
2025,12,2,23,20,361,APMC Chandwad,1952.93,1476.89,1220,3120.05,32.2,60.1,-37.4
2025,12,2,23,20,361,APMC Devala,1822.55,1056.47,1414.07,3695.55,72.5,28.9,-50.7
2025,12,2,23,20,361,APMC Kalvan,1234.68,873.84,1199.22,4911.98,41.3,3,-74.9
2025,12,2,23,20,361,APMC Lasalgaon,2342.95,1861.09,1540.71,3416.45,25.9,52.1,-31.4
2025,12,2,23,20,361,APMC Manmad,1635.4,957.53,1250,2856.71,70.8,30.8,-42.8
2025,12,2,23,20,361,APMC Nampur,1778.81,1170,1300,3280.09,52,36.8,-45.8
2025,12,2,23,20,361,APMC Nandgaon,1376.77,814.83,,2667.79,69,,-48.4
2025,12,2,23,20,361,APMC Nasik,1150.1,837.37,1311.22,3431.9,37.4,-12.3,-66.5
2025,12,2,23,20,361,APMC Pimpalgaon Baswant,2028.79,1585.26,1475,3510.75,28,37.5,-42.2
2025,12,2,23,20,361,APMC Satana,1314.39,993.75,1084.76,4725.58,32.3,21.2,-72.2
2025,12,2,23,20,361,APMC Sinner,1836.29,1117.65,1350,3240.67,64.3,36,-43.3
2025,12,2,23,20,361,APMC Umrane,2444.47,1674.87,1395.91,3941.79,46,75.1,-38
2025,12,2,23,20,361,APMC Yeola,1711.14,859.72,1000,3123.52,99,71.1,-45.2
2025,12,2,23,20,361,Dindori(Vani),2032.52,1320.27,,3379.72,54,,-39.9
2025,12,2,23,20,361,Lasalgaon(Niphad),1889.98,1229.62,1546.35,2943.36,53.7,22.2,-35.8
2025,12,2,23,20,361,Lasalgaon(Vinchur),1932.15,1159.83,1474.22,3419.29,66.6,31.1,-43.5
2025,12,2,23,20,361,"Malharshree Khajgi Krushi Utpann Bajar, Chandanpuri Tal Malegaon, Nashik",,,,2639.99,,,
2025,12,2,23,20,361,Pimpalgaon Baswant(Saykheda),1591.7,1091.52,1350,2938.98,45.8,17.9,-45.8
2025,12,2,23,20,361,Shivsiddha Govind Producer Company Ltd Sanchalit Khajgi Krushi Utpann Bajar Samati-Abhona-Kalwan,,,1680,,,,
2025,12,2,23,20,361,"Shri Rameshwar Krushi Market, M.Nagar, Tal Deola, Dist Nashik",,,,2265.43,,,
2025,12,3,23,20,361,APMC Chandwad,1868.9,1952.93,1139.02,1827.54,-4.3,64.1,2.3
2025,12,3,23,20,361,APMC Devala,1841.23,1822.55,1197.48,2058.54,1,53.8,-10.6
2025,12,3,23,20,361,APMC Kalvan,1258.92,1234.68,1016.76,1919.68,2,23.8,-34.4
2025,12,3,23,20,361,APMC Lasalgaon,2277.61,2342.95,1308.8,2001.67,-2.8,74,13.8
2025,12,3,23,20,361,APMC Manmad,1819.88,1635.4,1289.35,1680.72,11.3,41.1,8.3
2025,12,3,23,20,361,APMC Nampur,1387.83,1778.81,1306.17,1752.74,-22,6.2,-20.8
2025,12,3,23,20,361,APMC Nandgaon,1426.61,1376.77,,1522.53,3.6,,-6.3
2025,12,3,23,20,361,APMC Nasik,1386.04,1150.1,1167.56,1863.54,20.5,18.7,-25.6
2025,12,3,23,20,361,APMC Pimpalgaon Baswant,1964.98,2028.79,1275,1990.34,-3.1,54.1,-1.3
2025,12,3,23,20,361,APMC Satana,1464.8,1314.39,970.14,2496.19,11.4,51,-41.3
2025,12,3,23,20,361,APMC Sinner,1774.52,1836.29,1116.64,1854.41,-3.4,58.9,-4.3
2025,12,3,23,20,361,APMC Umrane,1814.83,2444.47,1426.61,2300,-25.8,27.2,-21.1
2025,12,3,23,20,361,APMC Yeola,1492.78,1711.14,848.07,1554.98,-12.8,76,-4
2025,12,3,23,20,361,Dindori(Vani),1726.76,2032.52,1575,2199.82,-15,9.6,-21.5
2025,12,3,23,20,361,Lasalgaon(Niphad),1634.02,1889.98,1339.51,1966.78,-13.5,22,-16.9
2025,12,3,23,20,361,Lasalgaon(Vinchur),1972.89,1932.15,1293.49,1915.8,2.1,52.5,3
2025,12,3,23,20,361,"Malharshree Khajgi Krushi Utpann Bajar, Chandanpuri Tal Malegaon, Nashik",1458,,,1589,,,-8.2
2025,12,3,23,20,361,Pimpalgaon Baswant(Saykheda),1502.08,1591.7,1155.32,1720.96,-5.6,30,-12.7
2025,12,3,23,20,361,"Shri Rameshwar Krushi Market, M.Nagar, Tal Deola, Dist Nashik",,,,1560.62,,,
2025,12,4,23,20,361,APMC Chandwad,1818.96,1868.9,862.79,2063.28,-2.7,110.8,-11.8
2025,12,4,23,20,361,APMC Devala,1711.72,1841.23,1004.15,2156.74,-7,70.5,-20.6
2025,12,4,23,20,361,APMC Kalvan,1334.79,1258.92,846.92,1829.02,6,57.6,-27
2025,12,4,23,20,361,APMC Lasalgaon,2000.01,2277.61,1247.79,2250.2,-12.2,60.3,-11.1
2025,12,4,23,20,361,APMC Manmad,1711.55,1819.88,991.39,1896.71,-6,72.6,-9.8
2025,12,4,23,20,361,APMC Nampur,1486.65,1387.83,1111.84,1757.51,7.1,33.7,-15.4
2025,12,4,23,20,361,APMC Nandgaon,1631.22,1426.61,717.55,2033.68,14.3,127.3,-19.8
2025,12,4,23,20,361,APMC Nasik,1673.51,1386.04,980.11,2062.04,20.7,70.8,-18.8
2025,12,4,23,20,361,APMC Pimpalgaon Baswant,1765.3,1964.98,1198.39,2134.82,-10.2,47.3,-17.3
2025,12,4,23,20,361,APMC Satana,1655.71,1464.8,824.63,,13,100.8,
2025,12,4,23,20,361,APMC Sinner,1864.53,1774.52,960.39,2330.2,5.1,94.1,-20
2025,12,4,23,20,361,APMC Umrane,1766.07,1814.83,950,1924.07,-2.7,85.9,-8.2
2025,12,4,23,20,361,APMC Yeola,1713.86,1492.78,622.22,1971.05,14.8,175.4,-13.1
2025,12,4,23,20,361,Dindori(Vani),1610.68,1726.76,1295.11,2197.44,-6.7,24.4,-26.7
2025,12,4,23,20,361,Lasalgaon(Niphad),1559.1,1634.02,1055.73,2263.36,-4.6,47.7,-31.1
2025,12,4,23,20,361,Lasalgaon(Vinchur),1858.9,1972.89,1033.77,2231.45,-5.8,79.8,-16.7
2025,12,4,23,20,361,"Malharshree Khajgi Krushi Utpann Bajar, Chandanpuri Tal Malegaon, Nashik",,1458,,2212,,,
2025,12,4,23,20,361,Pimpalgaon Baswant(Saykheda),1640.25,1502.08,822.25,2053.67,9.2,99.5,-20.1
2025,12,4,23,20,361,"Shri Rameshwar Krushi Market, M.Nagar, Tal Deola, Dist Nashik",1464.5,,,1706.35,,,-14.2
